trackID,event,event_start,event_end,event_file
10000,gunshot,5290,6849,345584_4.wav
10000,gunshot,2423,4602,320132_5.wav
10001,glassbreak,784,1223,118393_0.wav
10001,glassbreak,4718,5577,360621_1.wav
10001,gunshot,1410,3749,255264_10.wav
10001,gunshot,6576,9255,255265_1.wav
10002,glassbreak,7972,9571,320127_2.wav
10002,gunshot,6975,7894,34708_4.wav
10004,glassbreak,7633,9372,320126_10.wav
10004,glassbreak,2269,3988,320127_4.wav
10005,glassbreak,8165,9164,270518_2.wav
10005,gunshot,81,880,34708_2.wav
10005,gunshot,1771,3170,260600_0.wav
10006,glassbreak,1678,2377,85168_0.wav
10006,glassbreak,7632,8351,87568_0.wav
10006,gunshot,3326,4185,377786_13.wav
10006,gunshot,4955,7514,255265_4.wav
10007,glassbreak,7431,9590,320126_17.wav
10007,glassbreak,1276,2755,320126_7.wav
10007,glassbreak,2948,4147,320126_12.wav
10007,gunshot,4980,5679,164667_0.wav
10008,glassbreak,2575,3774,320126_2.wav
10008,glassbreak,5948,6807,360621_1.wav
10008,gunshot,7633,8492,377786_19.wav
10009,gunshot,2442,3861,204011_0.wav
10009,gunshot,4487,6826,255264_8.wav
10010,glassbreak,2134,2853,344267_0.wav
10010,glassbreak,6057,6556,118393_7.wav
10010,gunshot,2967,5366,255264_4.wav
10010,gunshot,158,997,64346_0.wav
10011,glassbreak,410,1569,360410_1.wav
10011,glassbreak,8097,9296,320126_2.wav
10011,glassbreak,4123,5262,257496_0.wav
10011,gunshot,6517,7176,377786_16.wav
10012,glassbreak,364,883,270816_0.wav
10012,glassbreak,4580,5379,344268_0.wav
10012,glassbreak,1120,1959,156578_0.wav
10013,gunshot,1142,1901,377786_6.wav
10014,glassbreak,428,1007,57947_1.wav
10014,glassbreak,2012,4391,320126_19.wav
10014,glassbreak,5508,7747,173586_0.wav
10014,gunshot,8614,9393,377786_20.wav
10015,glassbreak,7394,8113,257642_3.wav
10015,glassbreak,1986,3005,118393_3.wav
10016,glassbreak,1451,2910,320126_11.wav
10016,glassbreak,670,1449,87568_4.wav
10016,glassbreak,6092,8631,320126_18.wav
10016,gunshot,4963,5382,30185_4.wav
10017,gunshot,7827,9886,122690_0.wav
10017,gunshot,6741,7440,128296_0.wav
10017,gunshot,6106,6625,260600_9.wav
10018,glassbreak,8479,9198,344267_0.wav
10018,glassbreak,579,1978,362238_2.wav
10018,glassbreak,4479,6178,320128_1.wav
10019,glassbreak,9389,9848,87568_8.wav
10019,glassbreak,2989,4968,320126_22.wav
10019,glassbreak,7731,9330,320127_0.wav
10020,glassbreak,965,1804,156578_0.wav
10020,gunshot,3507,4906,341221_1.wav
10020,gunshot,6498,8357,65752_0.wav
10021,glassbreak,4973,7212,173586_0.wav
10021,glassbreak,1802,2501,85107_0.wav
10021,glassbreak,3465,4824,320126_9.wav
10023,gunshot,6239,7998,320131_0.wav
10023,gunshot,3726,4725,338045_1.wav
10023,gunshot,819,1658,64346_0.wav
10024,glassbreak,7504,9223,320127_4.wav
10024,glassbreak,3551,4950,320127_1.wav
10024,gunshot,1962,3301,341221_6.wav
10025,glassbreak,7257,7876,41348_0.wav
10025,glassbreak,3518,4657,257496_0.wav
10025,gunshot,2456,3155,164667_0.wav
10026,glassbreak,3832,5231,320126_3.wav
10026,gunshot,5470,7489,255267_0.wav
10026,gunshot,8234,9433,204949_1.wav
10026,gunshot,1284,2043,377786_21.wav
10027,gunshot,2344,3843,165540_0.wav
10027,gunshot,5326,6105,377786_22.wav
10029,gunshot,6788,7307,260600_9.wav
10030,glassbreak,3951,5750,320127_6.wav
10030,glassbreak,732,1891,360410_1.wav
10030,glassbreak,8007,9406,362238_2.wav
10030,gunshot,7530,7949,30185_4.wav
10031,glassbreak,3654,4553,270516_1.wav
10031,gunshot,6692,7551,377786_19.wav
10031,gunshot,1251,3190,320132_1.wav
10031,gunshot,8312,9231,320134_9.wav
10032,glassbreak,3583,4102,57971_1.wav
10032,glassbreak,2175,2634,57947_0.wav
10033,gunshot,232,2511,255264_11.wav
10033,gunshot,7706,8405,320129_2.wav
10033,gunshot,5838,6557,320134_4.wav
10034,glassbreak,5394,5833,118393_0.wav
10034,gunshot,2710,3469,204949_2.wav
10035,gunshot,7858,9797,320132_1.wav
10037,gunshot,1947,4146,255272_0.wav
10037,gunshot,7581,9000,341221_5.wav
10037,gunshot,5848,7247,341221_1.wav
10038,glassbreak,5710,7169,173576_0.wav
10038,glassbreak,3337,5156,344272_0.wav
10038,gunshot,1618,2537,320134_8.wav
10038,gunshot,8019,9938,127845_0.wav
10039,glassbreak,6392,9391,320126_23.wav
10039,glassbreak,826,1425,87568_7.wav
10039,gunshot,3087,4766,255264_7.wav
10040,gunshot,8191,9370,377789_4.wav
10041,glassbreak,4869,5248,87568_9.wav
10041,glassbreak,1894,4133,173586_0.wav
10042,glassbreak,2307,3306,270518_2.wav
10042,glassbreak,3740,5119,320126_6.wav
10042,glassbreak,6179,6778,87568_7.wav
10043,gunshot,4027,4646,260600_11.wav
10043,gunshot,7274,9513,255267_1.wav
10044,glassbreak,9107,9906,978_0.wav
10044,glassbreak,5311,7850,320126_18.wav
10044,gunshot,1068,3427,320132_3.wav
10045,glassbreak,8054,8513,57947_0.wav
10045,glassbreak,110,909,344268_0.wav
10045,gunshot,2720,5299,255265_0.wav
10046,glassbreak,888,1687,978_0.wav
10046,glassbreak,7778,8337,270516_0.wav
10046,glassbreak,4346,6585,173586_0.wav
10047,glassbreak,7430,9109,320126_20.wav
10047,glassbreak,360,2279,320126_14.wav
10047,glassbreak,2657,3496,156578_0.wav
10047,gunshot,5078,6077,338045_1.wav
10048,gunshot,3390,5789,255264_4.wav
10049,glassbreak,4637,6376,320126_10.wav
10049,gunshot,1723,2422,320129_2.wav
10050,glassbreak,4405,5864,118393_4.wav
10050,glassbreak,1624,2763,257496_0.wav
10050,glassbreak,8222,9061,156578_0.wav
10050,gunshot,2875,3674,34708_2.wav
10051,glassbreak,2533,5212,173581_0.wav
10051,glassbreak,7341,9080,362238_0.wav
10051,gunshot,733,1732,128297_0.wav
10052,glassbreak,3327,5206,320128_2.wav
10052,glassbreak,8520,9459,118393_6.wav
10053,gunshot,1671,2050,30185_0.wav
10053,gunshot,4679,5058,30185_0.wav
10053,gunshot,8538,9937,260600_1.wav
10054,gunshot,7567,8406,64346_0.wav
10055,glassbreak,4518,5337,214336_0.wav
10055,glassbreak,3190,3749,270516_0.wav
10055,glassbreak,5506,6705,320126_2.wav
10057,glassbreak,4104,5303,320126_12.wav
10057,glassbreak,3633,3952,368342_0.wav
10057,gunshot,8653,9852,204949_1.wav
10057,gunshot,2511,3270,204949_2.wav
10058,glassbreak,5205,5584,87568_1.wav
10059,glassbreak,8860,9339,977_0.wav
10059,glassbreak,2909,3488,57947_1.wav
10059,glassbreak,6113,8332,173585_0.wav
10060,gunshot,2395,4914,320131_3.wav
10060,gunshot,349,988,204010_0.wav
10061,gunshot,707,1466,377786_15.wav
10061,gunshot,5563,6222,320129_3.wav
10061,gunshot,7610,8369,377786_12.wav
10062,glassbreak,3133,3452,57971_2.wav
10062,glassbreak,1743,2602,87567_0.wav
10062,glassbreak,8513,9292,257642_0.wav
10062,gunshot,90,1489,260600_0.wav
10063,glassbreak,4737,6336,320127_2.wav
10063,gunshot,7273,8472,204949_1.wav
10064,glassbreak,8780,9219,118393_0.wav
10064,glassbreak,1724,2743,366595_0.wav
10064,glassbreak,3638,4677,344269_0.wav
10064,gunshot,5475,6314,64346_0.wav
10065,gunshot,487,2246,320131_0.wav
10066,gunshot,5040,5891,136766_0.wav
10067,glassbreak,2634,3713,344270_0.wav
10067,gunshot,6540,7179,204010_0.wav
10067,gunshot,8424,9263,260600_3.wav
10067,gunshot,5802,6221,30185_4.wav
10068,glassbreak,5291,6330,321143_0.wav
10068,glassbreak,984,3823,320128_3.wav
10068,glassbreak,8676,9375,85107_0.wav
10068,gunshot,200,819,320134_0.wav
10069,gunshot,437,2776,255264_10.wav
10069,gunshot,4857,7036,320132_5.wav
10069,gunshot,7296,9935,255264_5.wav
10070,glassbreak,5731,7330,320127_0.wav
10070,glassbreak,1024,2763,320126_15.wav
10070,glassbreak,3702,5301,320127_2.wav
10070,gunshot,7704,9883,320132_5.wav
10071,gunshot,1108,2367,345584_3.wav
10071,gunshot,3441,5560,320131_6.wav
10072,gunshot,3417,4456,128299_0.wav
10072,gunshot,5927,7686,320131_0.wav
10072,gunshot,1218,3277,122690_0.wav
10073,gunshot,6105,6744,34708_1.wav
10073,gunshot,1845,4164,255264_13.wav
10075,glassbreak,1320,2519,320126_12.wav
10076,glassbreak,2273,3752,320126_7.wav
10076,glassbreak,1284,1803,270816_0.wav
10076,gunshot,6580,7979,377789_2.wav
10077,gunshot,2,761,377786_21.wav
10077,gunshot,1023,2342,337166_0.wav
10078,glassbreak,4823,5262,118393_0.wav
10078,glassbreak,5723,6342,41348_0.wav
10078,gunshot,566,3645,258203_0.wav
10080,gunshot,4798,5557,377786_12.wav
10080,gunshot,186,885,128296_0.wav
10082,glassbreak,5922,8161,173586_0.wav
10082,glassbreak,2729,5268,320126_18.wav
10082,glassbreak,975,2374,362238_2.wav
10082,gunshot,155,794,377786_10.wav
10083,glassbreak,2188,3127,118393_6.wav
10083,glassbreak,6579,8358,320126_1.wav
10083,glassbreak,3414,5333,320126_14.wav
10084,glassbreak,1754,3213,320126_11.wav
10084,gunshot,7266,8025,377786_21.wav
10085,glassbreak,3780,6119,173557_0.wav
10085,glassbreak,7277,7996,344271_0.wav
10085,glassbreak,1626,3525,320127_3.wav
10086,gunshot,822,1561,377786_4.wav
10087,glassbreak,1761,2580,214336_0.wav
10087,gunshot,6153,8232,166191_0.wav
10088,glassbreak,1501,3240,320126_10.wav
10088,glassbreak,3366,3945,57947_1.wav
10088,gunshot,8528,9327,377786_3.wav
10089,glassbreak,5149,6448,270518_0.wav
10089,glassbreak,7008,8727,320127_4.wav
10089,glassbreak,8950,9969,366595_0.wav
10089,gunshot,1552,2391,377786_18.wav
10091,gunshot,3795,5054,345584_1.wav
10091,gunshot,720,2159,341221_2.wav
10091,gunshot,2931,3350,320134_5.wav
10092,gunshot,902,3141,255267_1.wav
10093,glassbreak,1747,3546,362310_0.wav
10093,glassbreak,3984,5723,320126_15.wav
10093,glassbreak,5832,6931,344266_0.wav
10093,gunshot,7293,7852,260600_10.wav
10094,glassbreak,8661,9800,118393_1.wav
10094,glassbreak,5674,7153,320126_7.wav
10094,gunshot,326,3005,255265_1.wav
10094,gunshot,3103,5222,258203_1.wav
10095,gunshot,5828,8007,255264_6.wav
10095,gunshot,1262,3941,320132_2.wav
10095,gunshot,9042,9781,377786_4.wav
10096,glassbreak,6913,7632,257642_3.wav
10096,glassbreak,53,1832,320126_1.wav
10096,glassbreak,2719,3438,257642_3.wav
10096,gunshot,4251,6890,255264_5.wav
10099,gunshot,7500,8899,341221_1.wav
10100,gunshot,5790,6029,260600_13.wav
10100,gunshot,2613,5512,255265_3.wav
10101,glassbreak,6123,7282,360410_1.wav
10101,glassbreak,291,1210,118393_2.wav
10101,glassbreak,3895,5094,320126_2.wav
10102,glassbreak,2124,4343,173585_0.wav
10102,gunshot,4389,5708,337166_0.wav
10103,gunshot,6008,6927,320134_8.wav
10103,gunshot,7807,8386,377786_7.wav
10103,gunshot,3024,5143,258203_1.wav
10104,gunshot,2449,4768,255264_13.wav
10104,gunshot,7014,7713,377786_11.wav
10105,glassbreak,1372,4311,173559_0.wav
10105,glassbreak,8903,9422,270816_0.wav
10105,glassbreak,5729,7248,87568_10.wav
10105,gunshot,10,969,204009_0.wav
10106,glassbreak,4904,6503,320127_0.wav
10106,gunshot,6884,7463,377786_1.wav
10107,glassbreak,3443,4162,344267_0.wav
10107,glassbreak,6516,8395,320128_2.wav
10107,glassbreak,4935,5394,87568_8.wav
10108,gunshot,6059,6438,30185_0.wav
10109,glassbreak,6709,8628,320126_14.wav
10109,glassbreak,1389,1908,57971_1.wav
10110,glassbreak,5837,6836,270518_2.wav
10110,glassbreak,1776,3175,320126_3.wav
10110,glassbreak,8536,9255,84705_0.wav
10110,gunshot,165,1724,345584_4.wav
10111,gunshot,7001,8160,128294_0.wav
10111,gunshot,8221,9660,341221_2.wav
10112,glassbreak,4643,5162,270816_0.wav
10112,glassbreak,3653,4232,57947_1.wav
10112,gunshot,255,894,204949_0.wav
10112,gunshot,7000,8439,341221_0.wav
10113,gunshot,8531,9290,320129_0.wav
10113,gunshot,3086,5785,255264_3.wav
10113,gunshot,2214,2973,377786_21.wav
10114,glassbreak,1223,3382,320126_17.wav
10114,glassbreak,7784,8603,349246_0.wav
10114,glassbreak,5550,6749,320126_2.wav
10114,gunshot,8674,9433,377786_15.wav
10115,glassbreak,6661,7240,87567_1.wav
10115,glassbreak,951,3110,320126_17.wav
10115,glassbreak,4350,5209,360621_1.wav
10118,gunshot,2461,2960,338045_0.wav
10119,gunshot,8837,9676,377786_14.wav
10119,gunshot,3603,6302,255264_3.wav
10119,gunshot,919,1678,320129_0.wav
10120,glassbreak,2426,3885,118393_4.wav
10120,glassbreak,225,844,41348_0.wav
10120,glassbreak,5226,6965,320126_15.wav
10121,glassbreak,6042,6621,87567_1.wav
10121,glassbreak,7541,9780,173586_0.wav
10121,gunshot,3911,4550,204949_0.wav
10121,gunshot,4652,5411,320129_0.wav
10122,glassbreak,3152,5371,173585_0.wav
10122,glassbreak,21,1620,320128_0.wav
10122,glassbreak,7060,9339,320126_21.wav
10123,glassbreak,7227,7906,212698_0.wav
10123,glassbreak,4230,4609,87568_9.wav
10124,glassbreak,4268,6187,320126_14.wav
10125,glassbreak,4092,4891,978_0.wav
10125,gunshot,7002,7641,377786_10.wav
10125,gunshot,278,2917,320131_2.wav
10127,glassbreak,1448,3427,320126_22.wav
10127,glassbreak,8878,9917,344269_0.wav
10127,glassbreak,5212,5671,87568_8.wav
10128,gunshot,7661,8220,320134_3.wav
10128,gunshot,1656,2675,260600_2.wav
10129,gunshot,1949,3268,337166_0.wav
10129,gunshot,4138,7377,377787_4.wav
10130,glassbreak,3936,6875,173559_0.wav
10130,glassbreak,3134,3913,257642_0.wav
10130,gunshot,7621,9060,341221_2.wav
10131,glassbreak,916,2015,344266_0.wav
10131,glassbreak,4367,5686,360410_0.wav
10131,glassbreak,6110,6909,978_0.wav
10131,gunshot,3941,4200,260600_14.wav
10132,glassbreak,2945,3644,85107_0.wav
10132,glassbreak,8739,9358,41348_0.wav
10132,gunshot,7301,8560,345584_1.wav
10132,gunshot,5072,6091,260600_2.wav
10133,glassbreak,3919,5018,118393_5.wav
10133,glassbreak,6959,8378,320126_16.wav
10134,gunshot,1428,4747,377787_1.wav
10135,glassbreak,5986,6445,87568_8.wav
10135,glassbreak,4194,4653,87568_8.wav
10135,glassbreak,1217,2536,360410_0.wav
10136,glassbreak,7577,8436,87567_0.wav
10136,glassbreak,4571,6790,173585_0.wav
10136,gunshot,2120,3439,341221_3.wav
10136,gunshot,674,1433,377786_21.wav
10137,glassbreak,2885,4224,320127_5.wav
10138,glassbreak,7317,9696,320126_19.wav
10138,gunshot,4605,6804,255272_1.wav
10139,gunshot,4956,7015,122690_0.wav
10139,gunshot,2388,2967,260600_7.wav
10140,glassbreak,995,2294,270518_0.wav
10140,glassbreak,3436,5235,362310_0.wav
10141,glassbreak,5490,7409,315647_0.wav
10142,glassbreak,2076,3475,362238_2.wav
10143,gunshot,5183,5682,338045_0.wav
10143,gunshot,5918,8717,377787_2.wav
10143,gunshot,1634,2193,320134_3.wav
10144,gunshot,6994,8153,128301_0.wav
10144,gunshot,4930,5289,30185_2.wav
10144,gunshot,1237,3576,255264_10.wav
10146,gunshot,4290,7289,255265_2.wav
10146,gunshot,1165,3264,320132_0.wav
10148,glassbreak,716,3255,320126_18.wav
10148,glassbreak,4109,5248,257496_0.wav
10148,glassbreak,7172,8551,320126_6.wav
10149,gunshot,1781,4020,255267_1.wav
10150,glassbreak,6718,7577,87567_0.wav
10150,glassbreak,4776,5595,349246_0.wav
10150,glassbreak,446,1165,87568_0.wav
10151,gunshot,3566,5005,341221_0.wav
10152,glassbreak,6320,6699,87568_1.wav
10153,glassbreak,8825,9144,368342_0.wav
10153,glassbreak,2824,3843,118393_3.wav
10153,gunshot,5410,5989,377786_1.wav
10154,glassbreak,3543,4942,362238_2.wav
10154,glassbreak,862,1881,322603_0.wav
10154,gunshot,5682,8381,255264_3.wav
10155,glassbreak,8223,8842,41348_0.wav
10155,glassbreak,3028,3447,57971_3.wav
10155,glassbreak,6823,7622,344268_0.wav
10155,gunshot,40,1439,377789_2.wav
10156,gunshot,486,1145,26141_0.wav
10157,glassbreak,1287,2066,257642_0.wav
10157,gunshot,2283,3442,128294_0.wav
10157,gunshot,4473,6912,255264_9.wav
10158,glassbreak,8813,9592,87568_4.wav
10158,glassbreak,4714,7553,320128_3.wav
10158,glassbreak,2890,4129,360410_2.wav
10159,glassbreak,1679,3198,87568_10.wav
10159,gunshot,3972,6611,255264_5.wav
10160,glassbreak,999,2078,344270_0.wav
10160,glassbreak,6824,7523,85107_0.wav
10161,gunshot,7403,8422,260600_2.wav
10162,glassbreak,4048,4947,270516_1.wav
10162,glassbreak,8669,9808,118393_1.wav
10162,glassbreak,1865,2244,87568_1.wav
10162,gunshot,6571,8590,255267_0.wav
10165,glassbreak,3889,6568,173581_0.wav
10165,glassbreak,1559,1938,87568_1.wav
10165,gunshot,252,1411,128294_0.wav
10165,gunshot,8503,9422,320134_9.wav
10166,gunshot,7875,8634,204949_2.wav
10166,gunshot,6393,7632,345584_0.wav
10166,gunshot,322,1821,204012_0.wav
10167,gunshot,1683,2602,320134_9.wav
10167,gunshot,5420,6259,377786_14.wav
10168,gunshot,829,2228,341221_1.wav
10168,gunshot,2491,5010,320131_3.wav
10169,gunshot,2069,2648,377786_1.wav
10170,glassbreak,355,1034,212698_0.wav
10170,gunshot,2303,4382,166191_0.wav
10171,gunshot,6125,8304,320132_5.wav
10171,gunshot,2333,4652,255264_13.wav
10172,glassbreak,6491,7890,320126_3.wav
10172,glassbreak,3057,3576,57971_1.wav
10172,gunshot,5022,5641,260600_11.wav
10174,gunshot,7518,9377,65752_0.wav
10174,gunshot,314,973,320129_1.wav
10175,gunshot,915,3234,320131_5.wav
10176,glassbreak,6737,7416,212698_0.wav
10176,glassbreak,1198,1957,257642_2.wav
10176,glassbreak,3559,4278,344271_0.wav
10177,gunshot,1235,4234,255265_2.wav
10178,glassbreak,1778,4717,173559_0.wav
10178,glassbreak,8489,9768,362238_1.wav
10178,glassbreak,5330,7469,320126_5.wav
10178,gunshot,7837,8416,377786_9.wav
10179,glassbreak,1691,3970,320126_21.wav
10179,glassbreak,7536,9515,320126_22.wav
10179,gunshot,5497,6076,377786_1.wav
10179,gunshot,4627,5366,377786_4.wav
10181,glassbreak,1676,2175,118393_7.wav
10181,glassbreak,6043,7142,118393_5.wav
10181,glassbreak,7335,7814,87568_6.wav
10182,glassbreak,3021,4480,118393_4.wav
10182,gunshot,1023,1642,320134_0.wav
10182,gunshot,7767,8346,260600_7.wav
10183,gunshot,5093,8332,377787_4.wav
10184,gunshot,433,2372,320132_1.wav
10185,glassbreak,4584,5783,320126_12.wav
10185,glassbreak,5854,7313,118393_4.wav
10185,glassbreak,3521,4520,270518_2.wav
10186,gunshot,5492,6511,260600_2.wav
10186,gunshot,204,3283,258203_0.wav
10187,gunshot,5880,8059,255264_6.wav
10187,gunshot,3156,3715,320134_3.wav
10187,gunshot,5102,5761,320129_3.wav
10188,gunshot,4269,5228,204009_0.wav
10189,glassbreak,6598,8017,320126_16.wav
10189,glassbreak,1621,2660,344269_0.wav
10189,glassbreak,5180,5739,981_0.wav
10189,gunshot,3943,4602,26141_0.wav
10190,glassbreak,2160,2779,41348_0.wav
10191,glassbreak,1903,3042,118393_1.wav
10191,glassbreak,5365,6644,362238_1.wav
10191,glassbreak,7700,8739,344269_0.wav
10192,glassbreak,4080,5659,320126_8.wav
10192,glassbreak,2406,2985,87567_1.wav
10192,glassbreak,726,2185,118393_4.wav
10196,glassbreak,4366,4685,368342_0.wav
10196,glassbreak,2725,3504,257642_0.wav
10196,gunshot,7519,8678,128294_0.wav
10196,gunshot,5692,7011,341221_3.wav
10197,gunshot,2492,2971,164646_0.wav
10197,gunshot,7808,8727,320134_8.wav
10198,gunshot,4071,4890,34708_0.wav
10199,gunshot,6830,8009,377789_4.wav
10200,glassbreak,4396,6175,320126_1.wav
10200,glassbreak,8914,9813,270516_1.wav
10200,glassbreak,140,1839,320128_1.wav
10201,glassbreak,306,2045,362238_0.wav
10201,gunshot,2655,3494,64346_0.wav
10201,gunshot,4757,7036,255264_11.wav
10201,gunshot,7056,8615,345584_4.wav
10202,glassbreak,5262,7541,320126_21.wav
10202,glassbreak,4228,4687,57947_0.wav
10203,gunshot,6224,8343,320131_6.wav
10203,gunshot,5399,6098,128296_0.wav
10204,gunshot,1813,2192,30185_3.wav
10204,gunshot,7407,8746,377789_3.wav
10204,gunshot,6462,7221,320129_0.wav
10205,gunshot,2270,4129,65752_0.wav
10205,gunshot,4586,5585,353093_0.wav
10206,glassbreak,7964,9263,270518_0.wav
10206,glassbreak,1549,2568,118393_3.wav
10207,glassbreak,4481,5520,321143_0.wav
10207,glassbreak,7925,8744,257642_4.wav
10207,gunshot,5609,6460,136766_0.wav
10207,gunshot,75,554,164646_0.wav
10208,gunshot,1056,3575,320131_3.wav
10208,gunshot,7195,9394,255272_1.wav
10209,glassbreak,7132,8251,84536_0.wav
10209,glassbreak,4948,6147,320126_2.wav
10210,glassbreak,5023,5582,981_0.wav
10210,gunshot,138,1897,320131_0.wav
10211,glassbreak,6936,8215,362238_1.wav
10211,glassbreak,437,2236,320127_6.wav
10212,gunshot,6001,7440,377789_1.wav
10212,gunshot,2623,3142,260600_9.wav
10212,gunshot,8087,8786,377786_11.wav
10213,glassbreak,1196,2035,65902_0.wav
10213,glassbreak,2610,4209,320127_0.wav
10213,gunshot,7683,8382,377786_17.wav
10214,gunshot,5898,8477,255265_0.wav
10214,gunshot,4083,4442,30185_2.wav
10214,gunshot,1986,2825,377786_14.wav
10215,gunshot,4176,4895,34708_3.wav
10215,gunshot,8399,8858,320134_6.wav
10215,gunshot,1097,2256,128301_0.wav
10216,gunshot,3648,4267,260600_11.wav
10216,gunshot,1998,2717,320134_4.wav
10217,glassbreak,994,2973,320126_22.wav
10217,glassbreak,5872,6871,270518_2.wav
10217,gunshot,7372,9051,255264_7.wav
10217,gunshot,3033,4432,260600_1.wav
10218,gunshot,6622,9321,255264_3.wav
10219,glassbreak,5176,5835,346173_0.wav
10219,gunshot,1495,1894,260600_5.wav
10219,gunshot,442,1001,320134_3.wav
10220,glassbreak,4875,5594,344267_0.wav
10221,glassbreak,2206,4545,173557_0.wav
10221,glassbreak,6748,8147,320127_1.wav
10222,glassbreak,6110,6969,360621_1.wav
10222,glassbreak,4149,5848,320128_1.wav
10222,glassbreak,2521,3120,87568_7.wav
10223,gunshot,6093,8492,255264_4.wav
10223,gunshot,2762,5161,255264_4.wav
10224,gunshot,7090,9009,127845_0.wav
10224,gunshot,1526,2525,338045_1.wav
10225,glassbreak,2660,3339,212698_0.wav
10226,gunshot,3790,4289,338045_0.wav
10226,gunshot,6971,9330,320132_3.wav
10226,gunshot,337,1136,377786_3.wav
10227,gunshot,9402,9881,164646_0.wav
10227,gunshot,3009,3708,320129_2.wav
10228,glassbreak,1075,3294,173585_0.wav
10228,gunshot,9254,9833,377786_9.wav
10228,gunshot,6129,7228,128302_0.wav
10229,gunshot,100,1239,320135_1.wav
10229,gunshot,5096,6075,128293_0.wav
10229,gunshot,3998,4417,320134_5.wav
10230,gunshot,6670,9349,320131_1.wav
10230,gunshot,5719,6398,377786_0.wav
10230,gunshot,2984,5223,255267_1.wav
10231,glassbreak,4209,5348,257496_0.wav
10231,gunshot,1381,4060,320132_2.wav
10231,gunshot,6459,9038,255265_0.wav
10232,glassbreak,3380,5299,315647_0.wav
10232,glassbreak,392,771,87568_1.wav
10233,gunshot,3453,4852,341221_1.wav
10233,gunshot,5245,7584,255264_8.wav
10234,gunshot,1678,2537,377786_19.wav
10234,gunshot,4878,6957,166191_0.wav
10234,gunshot,3573,4772,204949_1.wav
10235,glassbreak,680,2379,320128_1.wav
10235,glassbreak,8601,9420,214336_0.wav
10235,glassbreak,4381,5740,320126_9.wav
10235,gunshot,6876,7615,377786_4.wav
10236,glassbreak,1694,4693,320126_23.wav
10236,glassbreak,88,1687,320128_0.wav
10236,gunshot,5824,7143,337166_0.wav
10236,gunshot,7845,9104,345584_1.wav
10237,glassbreak,1234,3773,320126_18.wav
10237,gunshot,4639,6198,345584_4.wav
10237,gunshot,6959,7538,377786_7.wav
10238,gunshot,6595,8934,255264_10.wav
10238,gunshot,9606,9965,30185_2.wav
10239,glassbreak,1191,1910,344271_0.wav
10239,glassbreak,6340,8259,320126_14.wav
10239,glassbreak,8821,9580,257642_2.wav
10239,gunshot,3260,5119,65752_0.wav
10240,gunshot,2902,4161,345584_3.wav
10240,gunshot,4291,5050,377786_6.wav
10241,glassbreak,529,1188,346173_0.wav
10241,gunshot,4190,6549,320132_3.wav
10241,gunshot,8840,9419,260600_7.wav
10241,gunshot,2358,3157,34708_2.wav
10242,glassbreak,2833,4432,320128_0.wav
10242,glassbreak,4536,5455,118393_2.wav
10242,glassbreak,7219,8558,320127_5.wav
10242,gunshot,6111,6790,377786_8.wav
10244,glassbreak,3563,5162,320127_2.wav
10244,glassbreak,8368,8687,57971_2.wav
10245,gunshot,978,2417,341221_0.wav
10246,glassbreak,948,1707,344265_0.wav
10246,glassbreak,6513,7376,267889_0.wav
10247,glassbreak,4956,7795,320128_3.wav
10247,glassbreak,2066,3465,320127_1.wav
10248,gunshot,140,799,26141_0.wav
10248,gunshot,8317,9756,341221_0.wav
10248,gunshot,5211,5910,377786_17.wav
10249,glassbreak,8341,9060,344271_0.wav
10249,glassbreak,1965,4644,173581_0.wav
10250,glassbreak,45,764,344271_0.wav
10252,gunshot,9039,9778,377786_4.wav
10253,glassbreak,1361,2600,360410_2.wav
10253,glassbreak,7082,7941,360621_1.wav
10253,glassbreak,3780,4359,57947_1.wav
10253,gunshot,8536,9395,377786_13.wav
10255,glassbreak,2444,4583,320126_5.wav
10255,glassbreak,8842,9261,57971_3.wav
10256,glassbreak,5278,7437,320126_17.wav
10256,glassbreak,1828,3427,320127_0.wav
10256,gunshot,8257,9396,320135_1.wav
10256,gunshot,3486,4725,345584_0.wav
10257,gunshot,6404,7663,345584_3.wav
10257,gunshot,3899,6218,320131_5.wav
10257,gunshot,977,1676,377786_11.wav
10258,glassbreak,1855,4794,173559_0.wav
10258,glassbreak,4871,7810,173559_0.wav
10258,glassbreak,225,1324,87568_2.wav
10258,gunshot,7913,8892,128293_0.wav
10259,glassbreak,934,2633,320128_1.wav
10260,glassbreak,6938,7657,344267_0.wav
10260,glassbreak,4091,5130,320126_13.wav
10260,glassbreak,1891,2610,87568_0.wav
10261,gunshot,1255,2654,377789_2.wav
10261,gunshot,4242,6821,255265_0.wav
10262,gunshot,285,924,377786_10.wav
10263,glassbreak,7580,7999,57971_3.wav
10264,glassbreak,4744,6563,344272_0.wav
10264,glassbreak,338,3277,173559_0.wav
10265,gunshot,7770,9649,320131_4.wav
10266,glassbreak,4591,5870,362238_1.wav
10266,gunshot,6709,9788,258203_0.wav
10266,gunshot,795,1834,128299_0.wav
10267,gunshot,4021,5880,65752_0.wav
10267,gunshot,8639,9298,320129_3.wav
10268,gunshot,4847,6786,320132_1.wav
10268,gunshot,7510,7849,260600_12.wav
10268,gunshot,2631,3370,377786_4.wav
10269,glassbreak,71,390,57971_2.wav
10269,glassbreak,6047,6606,85184_0.wav
10269,glassbreak,2972,3691,87568_0.wav
10270,glassbreak,2774,3593,257642_4.wav
10270,glassbreak,8261,8580,368342_0.wav
10270,glassbreak,1191,1750,270516_0.wav
10271,gunshot,5098,7197,320132_0.wav
10271,gunshot,8174,9573,260600_0.wav
10272,gunshot,1389,2008,260600_11.wav
10272,gunshot,3868,6307,255264_9.wav
10272,gunshot,7094,9773,320131_1.wav
10273,gunshot,1986,3745,320131_0.wav
10273,gunshot,8410,9109,377786_11.wav
10274,gunshot,8616,9815,204949_1.wav
10274,gunshot,198,1077,128295_0.wav
10274,gunshot,1555,2114,260600_10.wav
10275,glassbreak,7591,8410,214336_0.wav
10275,glassbreak,3994,4693,85168_0.wav
10276,gunshot,1510,2429,34708_4.wav
10276,gunshot,5829,6508,34708_5.wav
10276,gunshot,7551,9990,255264_9.wav
10277,gunshot,674,3313,255264_5.wav
10278,gunshot,9416,9835,320134_5.wav
10278,gunshot,8479,9158,377786_8.wav
10278,gunshot,7229,7988,320129_0.wav
10279,glassbreak,774,2273,320126_0.wav
10279,gunshot,2303,4062,320131_0.wav
10279,gunshot,4122,5101,128293_0.wav
10279,gunshot,7339,7978,34708_1.wav
10280,glassbreak,305,984,212698_0.wav
10280,gunshot,6348,7087,377786_5.wav
10280,gunshot,7305,7544,260600_13.wav
10281,gunshot,3466,4125,320129_1.wav
10281,gunshot,6012,7451,377789_1.wav
10281,gunshot,1349,2208,377786_2.wav
10282,glassbreak,4864,6443,320126_8.wav
10282,glassbreak,8946,9985,344269_0.wav
10282,glassbreak,6945,8324,320126_6.wav
10283,gunshot,6786,8345,345584_4.wav
10283,gunshot,2928,3847,320134_8.wav
10283,gunshot,3950,6749,377787_2.wav
10284,glassbreak,868,2327,118393_4.wav
10284,gunshot,4716,5235,260600_9.wav
10285,glassbreak,728,1227,57947_2.wav
10285,glassbreak,6233,7812,320126_8.wav
10285,gunshot,1574,2433,377786_2.wav
10288,gunshot,6530,7949,204011_0.wav
10288,gunshot,8086,9245,128301_0.wav
10289,gunshot,5986,6985,353093_0.wav
10290,glassbreak,3012,4931,320126_14.wav
10290,gunshot,6765,7904,320135_1.wav
10290,gunshot,627,2986,320132_3.wav
10290,gunshot,8182,9041,377786_19.wav
10291,gunshot,4088,4787,128296_0.wav
10292,glassbreak,3123,3842,84705_0.wav
10292,glassbreak,8433,9892,118393_4.wav
10292,gunshot,260,699,163738_0.wav
10292,gunshot,5571,7010,341221_2.wav
10293,gunshot,4534,4793,260600_14.wav
10294,glassbreak,1377,3076,320128_1.wav
10294,glassbreak,7094,8913,344272_0.wav
10295,glassbreak,5285,6304,322603_0.wav
10295,glassbreak,2085,2784,85168_0.wav
10297,gunshot,2435,4694,255264_12.wav
10297,gunshot,7719,8538,34708_0.wav
10298,glassbreak,3216,4055,65902_0.wav
10298,glassbreak,8118,9137,118393_3.wav
10298,gunshot,168,1347,377789_4.wav
10298,gunshot,6364,7063,128296_0.wav
10299,glassbreak,6161,9100,173559_0.wav
10299,glassbreak,953,2252,270518_0.wav
10299,gunshot,3657,5576,127845_0.wav
10300,gunshot,4964,5883,320134_7.wav
10300,gunshot,3983,4762,377786_20.wav
10300,gunshot,3121,3560,163738_0.wav
10301,glassbreak,6603,9542,173559_0.wav
10301,glassbreak,192,1691,320126_0.wav
10301,glassbreak,3567,4386,214336_0.wav
10302,gunshot,8697,9556,377786_2.wav
10302,gunshot,2438,3297,377786_13.wav
10302,gunshot,4675,5454,377786_20.wav
10303,gunshot,8705,9124,30185_4.wav
10304,gunshot,8023,9462,341221_2.wav
10304,gunshot,5495,6114,320134_0.wav
10304,gunshot,2333,3032,128296_0.wav
10305,glassbreak,1666,2525,87567_0.wav
10305,glassbreak,4913,6512,320127_0.wav
10305,glassbreak,6811,8550,362238_0.wav
10306,glassbreak,3914,5733,344272_0.wav
10306,gunshot,7320,8039,34708_3.wav
10306,gunshot,8634,9313,34708_5.wav
10307,gunshot,7654,9053,341221_1.wav
10307,gunshot,655,1234,377786_7.wav
10307,gunshot,3726,4425,377786_11.wav
10308,glassbreak,2380,3839,173576_0.wav
10308,glassbreak,7223,8322,118393_5.wav
10308,gunshot,4145,4884,377786_4.wav
10308,gunshot,5358,6597,345584_0.wav
10310,gunshot,6066,7505,341221_2.wav
10311,glassbreak,5318,7057,320126_10.wav
10311,glassbreak,1532,2391,87567_0.wav
10311,glassbreak,3104,4303,320126_12.wav
10312,gunshot,4251,5010,377786_15.wav
10313,gunshot,4236,4995,320129_0.wav
10313,gunshot,7152,8251,128302_0.wav
10313,gunshot,607,1366,377786_15.wav
10314,gunshot,7612,7851,260600_13.wav
10314,gunshot,4111,5270,128301_0.wav
10314,gunshot,2205,3204,128297_0.wav
10315,gunshot,357,936,377786_7.wav
10315,gunshot,1033,2952,127845_0.wav
10315,gunshot,8503,9762,345584_3.wav
10316,gunshot,2673,3452,377786_20.wav
10316,gunshot,3749,4248,338045_0.wav
10316,gunshot,6741,7220,164646_0.wav
10317,glassbreak,3022,4221,320126_12.wav
10317,gunshot,5755,7154,260600_0.wav
10318,glassbreak,1700,3059,320126_9.wav
10318,gunshot,7883,8282,30185_1.wav
10319,gunshot,4946,5865,320134_8.wav
10320,gunshot,649,1508,377786_13.wav
10320,gunshot,9001,9640,34708_1.wav
10320,gunshot,7176,7655,164646_0.wav
10321,glassbreak,6619,6918,87568_5.wav
10321,gunshot,8925,9484,320134_1.wav
10321,gunshot,5823,6262,163738_0.wav
10322,gunshot,3393,5732,255264_10.wav
10323,gunshot,4004,7243,377787_4.wav
10324,glassbreak,2226,4205,320126_22.wav
10324,gunshot,331,590,260600_14.wav
10324,gunshot,6637,9156,320131_3.wav
10325,gunshot,6308,7527,320135_0.wav
10325,gunshot,1690,3029,377789_3.wav
10325,gunshot,4726,5985,345584_3.wav
10326,gunshot,855,2914,122690_0.wav
10326,gunshot,5017,5876,377786_2.wav
10327,gunshot,8020,9439,204011_0.wav
10327,gunshot,356,1515,128301_0.wav
10328,gunshot,4022,4761,377786_5.wav
10328,gunshot,6597,7056,320134_6.wav
10328,gunshot,7289,7928,204010_0.wav
10329,glassbreak,165,1664,320126_0.wav
10329,glassbreak,2037,3436,320126_3.wav
10330,gunshot,1007,1766,377786_6.wav
10330,gunshot,4345,5204,377786_2.wav
10330,gunshot,100,559,320134_6.wav
10331,gunshot,6988,8087,128302_0.wav
10331,gunshot,8308,9807,204012_0.wav
10332,gunshot,550,1209,377786_16.wav
10332,gunshot,5722,8521,377787_2.wav
10333,gunshot,2480,4599,320131_6.wav
10333,gunshot,7257,7916,377786_16.wav
10334,gunshot,1794,4433,320131_2.wav
10335,glassbreak,1272,1571,87568_5.wav
10335,glassbreak,7847,8686,156578_0.wav
10336,glassbreak,2038,2757,57971_0.wav
10336,gunshot,1134,1653,320134_2.wav
10336,gunshot,8806,9645,64346_0.wav
10337,glassbreak,6249,6688,51734_0.wav
10337,gunshot,3592,3831,260600_13.wav
10337,gunshot,461,3260,377787_2.wav
10338,glassbreak,3469,5688,173585_0.wav
10338,glassbreak,7241,7860,41348_0.wav
10338,gunshot,1577,3136,345584_4.wav
10339,gunshot,1468,4107,255264_5.wav
10340,gunshot,6841,7620,377786_20.wav
10341,glassbreak,6882,9101,173585_0.wav
10341,glassbreak,2915,3614,85107_0.wav
10342,gunshot,6064,6983,34708_4.wav
10342,gunshot,223,862,204010_0.wav
10343,glassbreak,4444,7443,173560_0.wav
10343,gunshot,2106,2865,377786_15.wav
10343,gunshot,9254,9833,377786_1.wav
10344,glassbreak,59,1958,320127_3.wav
10344,glassbreak,2591,3150,85184_0.wav
10344,gunshot,3782,4121,260600_12.wav
10344,gunshot,5991,8350,320132_3.wav
10345,glassbreak,8590,9269,212698_0.wav
10345,glassbreak,7096,8515,320126_16.wav
10345,glassbreak,790,3469,173581_0.wav
10345,gunshot,5005,5784,377786_20.wav
10346,gunshot,3101,5940,255264_14.wav
10346,gunshot,6201,6600,260600_5.wav
10346,gunshot,8786,9705,320134_9.wav
10347,gunshot,2805,3784,128293_0.wav
10347,gunshot,7360,9539,320132_5.wav
10348,gunshot,1530,2369,260600_3.wav
10348,gunshot,8199,9438,345584_0.wav
10349,glassbreak,2473,4212,320126_10.wav
10350,glassbreak,8884,9403,57971_1.wav
10350,glassbreak,1873,3612,320126_10.wav
10351,glassbreak,7533,8252,57971_0.wav
10352,gunshot,648,1527,128295_0.wav
10352,gunshot,7664,8515,136766_0.wav
10353,glassbreak,6781,7780,270518_2.wav
10353,glassbreak,8468,9267,344268_0.wav
10354,gunshot,7413,9972,255265_4.wav
10355,glassbreak,4569,5588,366595_0.wav
10355,gunshot,6797,9136,255264_8.wav
10355,gunshot,1784,2483,320129_2.wav
10356,glassbreak,14,2173,320126_17.wav
10356,glassbreak,4384,5843,118393_4.wav
10356,gunshot,7040,7599,320134_3.wav
10357,gunshot,2670,4109,341221_2.wav
10357,gunshot,918,2357,341221_0.wav
10357,gunshot,9339,9898,320134_1.wav
10358,gunshot,5315,6314,338045_1.wav
10358,gunshot,2955,5154,255272_1.wav
10358,gunshot,7820,9879,122690_0.wav
10359,gunshot,8426,9185,377786_15.wav
10360,glassbreak,6431,8210,320126_1.wav
10361,glassbreak,245,3184,173559_0.wav
10361,gunshot,4858,7757,255265_3.wav
10361,gunshot,7927,9426,204012_0.wav
10362,glassbreak,3697,6536,320128_3.wav
10362,gunshot,7003,7442,163738_0.wav
10364,gunshot,6285,6964,377786_8.wav
10364,gunshot,8249,9008,377786_15.wav
10365,glassbreak,6867,7166,87568_5.wav
10365,gunshot,5103,6202,128302_0.wav
10365,gunshot,321,660,260600_12.wav
10365,gunshot,3066,4405,341221_6.wav
10366,glassbreak,4274,4593,57971_2.wav
10366,glassbreak,949,1428,977_0.wav
10366,gunshot,5723,7582,65752_0.wav
10367,gunshot,2353,5312,377787_0.wav
10368,gunshot,5341,5920,377786_9.wav
10368,gunshot,691,3010,320131_5.wav
10368,gunshot,7547,8766,320135_0.wav
10369,gunshot,7565,9584,255267_0.wav
10369,gunshot,5579,6238,320129_1.wav
10369,gunshot,1300,1859,320134_3.wav
10370,glassbreak,7409,8168,257642_2.wav
10370,glassbreak,2395,5394,173560_0.wav
10370,glassbreak,5680,6543,267889_0.wav
10371,glassbreak,5307,6186,270518_1.wav
10371,gunshot,123,3362,377787_4.wav
10372,gunshot,7044,9383,255264_8.wav
10374,glassbreak,5326,6085,344265_0.wav
10374,glassbreak,4114,5133,366595_0.wav
10374,gunshot,6525,7964,341221_2.wav
10374,gunshot,49,1908,65752_0.wav
10375,gunshot,966,3485,320131_3.wav
10375,gunshot,6702,8761,122690_0.wav
10375,gunshot,4785,6184,260600_0.wav
10376,glassbreak,6087,7406,360410_0.wav
10376,glassbreak,1237,1996,360621_0.wav
10377,gunshot,1992,4011,255267_0.wav
10378,gunshot,6745,7604,377786_2.wav
10378,gunshot,1775,2474,128296_0.wav
10379,glassbreak,5332,5631,87568_5.wav
10379,gunshot,6832,9471,255264_5.wav
10379,gunshot,5640,6339,377786_17.wav
10379,gunshot,2223,2602,30185_3.wav
10380,glassbreak,1667,2146,87568_6.wav
10380,glassbreak,2159,4438,320126_21.wav
10380,glassbreak,6224,7903,320126_20.wav
10381,gunshot,6218,8337,258203_1.wav
10381,gunshot,3794,5233,341221_0.wav
10382,glassbreak,4431,5010,87567_1.wav
10382,glassbreak,6154,6533,87568_9.wav
10382,glassbreak,1092,2691,320127_2.wav
10383,glassbreak,5024,7963,173559_0.wav
10383,glassbreak,480,1519,320126_13.wav
10383,gunshot,2455,3274,34708_0.wav
10383,gunshot,8634,9453,34708_0.wav
10384,gunshot,948,1567,320134_0.wav
10384,gunshot,8123,9522,377789_2.wav
10385,glassbreak,3318,4257,118393_6.wav
10385,glassbreak,4454,5773,360410_0.wav
10386,glassbreak,5578,7057,320126_7.wav
10386,glassbreak,2330,3929,320128_0.wav
10387,gunshot,6873,9872,255265_2.wav
10388,glassbreak,4908,5207,87568_5.wav
10388,glassbreak,5217,6296,344270_0.wav
10388,glassbreak,1066,2865,320127_6.wav
10389,glassbreak,5562,6321,360621_0.wav
10389,glassbreak,7065,9904,320128_3.wav
10389,glassbreak,3791,4490,85107_0.wav
10389,gunshot,398,2677,255264_11.wav
10390,gunshot,8995,9854,377786_13.wav
10391,gunshot,8369,9868,165540_0.wav
10392,glassbreak,188,987,978_0.wav
10392,glassbreak,4328,5727,320126_3.wav
10392,glassbreak,1641,3440,320127_6.wav
10394,glassbreak,3054,3917,267889_0.wav
10394,gunshot,8398,9237,64346_0.wav
10394,gunshot,4747,6146,377789_2.wav
10394,gunshot,83,1402,337166_0.wav
10395,glassbreak,7445,8564,84536_0.wav
10395,glassbreak,2571,4150,320126_8.wav
10395,glassbreak,438,2357,320126_14.wav
10396,glassbreak,3043,3842,978_0.wav
10396,glassbreak,7183,8382,320126_2.wav
10397,glassbreak,3757,6696,173559_0.wav
10397,glassbreak,334,1413,344270_0.wav
10397,glassbreak,2287,3686,320127_1.wav
10397,gunshot,7452,8851,260600_0.wav
10398,gunshot,7858,8617,377786_15.wav
10398,gunshot,1131,1970,64346_0.wav
10398,gunshot,4885,6204,341221_3.wav
10399,glassbreak,8598,9617,118393_3.wav
10399,glassbreak,7469,8028,85184_0.wav
10399,glassbreak,1967,2566,87568_7.wav
10400,glassbreak,6436,7835,320126_3.wav
10400,gunshot,2054,2933,128295_0.wav
10400,gunshot,4787,6286,204012_0.wav
10400,gunshot,9,1448,341221_2.wav
10402,gunshot,7268,8587,337166_0.wav
10402,gunshot,1623,3862,255264_2.wav
10403,gunshot,5488,6407,320134_9.wav
10404,glassbreak,5428,6727,270518_0.wav
10404,gunshot,7094,8013,34708_4.wav
10404,gunshot,771,2690,255267_2.wav
10405,glassbreak,6492,7071,87567_1.wav
10405,glassbreak,2820,4279,320126_11.wav
10405,gunshot,7473,9752,255264_11.wav
10406,glassbreak,7223,7742,57971_1.wav
10406,glassbreak,567,2546,320126_22.wav
10406,glassbreak,3134,3853,87568_0.wav
10407,gunshot,5838,7397,345584_4.wav
10407,gunshot,9192,9611,30185_4.wav
10408,gunshot,8069,8828,377786_6.wav
10408,gunshot,4708,5867,128294_0.wav
10408,gunshot,379,1038,377786_16.wav
10409,gunshot,1834,4153,320131_5.wav
10411,gunshot,1545,2264,34708_3.wav
10411,gunshot,7261,8660,260600_1.wav
10412,glassbreak,1876,2495,41348_0.wav
10412,glassbreak,90,1589,320126_0.wav
10413,gunshot,4153,7472,377787_1.wav
10413,gunshot,9235,9674,163738_0.wav
10414,glassbreak,5928,6407,977_0.wav
10414,glassbreak,2532,2971,51734_0.wav
10414,glassbreak,6748,7647,270516_1.wav
10414,gunshot,8351,8970,320134_0.wav
10416,glassbreak,6671,8250,320126_8.wav
10416,glassbreak,2733,4072,320127_5.wav
10417,gunshot,1480,3599,258203_1.wav
10418,gunshot,6785,7504,320134_4.wav
10418,gunshot,3891,6690,377787_2.wav
10419,gunshot,8771,9490,320134_4.wav
10419,gunshot,4648,7227,255265_0.wav
10419,gunshot,1861,2440,377786_9.wav
10422,gunshot,4804,7483,320132_2.wav
10422,gunshot,475,734,260600_14.wav
10422,gunshot,1760,4439,320132_2.wav
10423,gunshot,1594,2353,320129_0.wav
10423,gunshot,3243,5922,320132_2.wav
10423,gunshot,6582,8341,320131_0.wav
10424,glassbreak,4020,5759,362238_0.wav
10424,gunshot,191,710,320134_2.wav
10425,glassbreak,3526,3945,57971_3.wav
10425,gunshot,6386,7425,128299_0.wav
10425,gunshot,28,2347,255264_13.wav
10426,glassbreak,662,1421,257642_2.wav
10426,glassbreak,174,553,87568_1.wav
10426,gunshot,6221,6600,30185_0.wav
10426,gunshot,7613,9012,260600_0.wav
10427,gunshot,6180,6839,320129_3.wav
10427,gunshot,8179,8978,34708_2.wav
10429,gunshot,3014,3813,377786_3.wav
10429,gunshot,6832,8171,377789_3.wav
10429,gunshot,1596,2335,377786_4.wav
10430,gunshot,263,1702,341221_2.wav
10430,gunshot,2818,3657,260600_3.wav
10431,gunshot,4213,4872,26141_0.wav
10431,gunshot,2408,3827,204011_0.wav
10431,gunshot,6469,9108,255264_5.wav
10432,glassbreak,6035,6734,85168_0.wav
10432,glassbreak,8109,9448,320127_5.wav
10433,glassbreak,7336,8375,344269_0.wav
10433,glassbreak,3362,4081,57971_0.wav
10434,gunshot,8864,9383,260600_9.wav
10435,glassbreak,2367,2926,85184_0.wav
10435,glassbreak,7052,8411,320126_4.wav
10435,glassbreak,3522,5861,173557_0.wav
10435,gunshot,742,1501,204949_2.wav
10436,gunshot,1959,2798,260600_3.wav
10437,glassbreak,3125,4324,320126_12.wav
10437,glassbreak,5590,8529,173559_0.wav
10437,glassbreak,4743,5222,977_0.wav
10438,glassbreak,2652,3211,981_0.wav
10438,glassbreak,6649,7348,85107_0.wav
10439,glassbreak,6411,7010,87568_7.wav
10440,glassbreak,7223,8042,257642_4.wav
10440,gunshot,912,2831,127845_0.wav
10440,gunshot,3185,4584,377789_2.wav
10441,gunshot,6319,8678,320132_3.wav
10441,gunshot,4907,5666,377786_6.wav
10441,gunshot,1339,1598,260600_14.wav
10442,glassbreak,7003,9942,173559_0.wav
10442,gunshot,1419,3778,320132_4.wav
10442,gunshot,3795,4474,34708_5.wav
10442,gunshot,457,976,260600_8.wav
10443,glassbreak,7694,9513,344272_0.wav
10443,glassbreak,1174,1933,360621_0.wav
10443,gunshot,3947,5446,204012_0.wav
10444,glassbreak,8310,8689,87568_1.wav
10444,glassbreak,2286,4185,320127_3.wav
10444,glassbreak,6390,7989,320128_0.wav
10445,gunshot,6190,8369,320132_5.wav
10446,glassbreak,5799,7318,87568_10.wav
10447,gunshot,1689,2068,30185_0.wav
10447,gunshot,4575,5994,341221_5.wav
10448,gunshot,2257,2596,260600_12.wav
10448,gunshot,120,699,377786_1.wav
10448,gunshot,7634,9873,255267_1.wav
10449,gunshot,2298,4357,122690_0.wav
10449,gunshot,7465,8964,377789_0.wav
10449,gunshot,6345,6924,377786_7.wav
10450,glassbreak,3696,5835,320126_5.wav
10450,glassbreak,7210,8149,118393_6.wav
10451,gunshot,1531,2870,377789_3.wav
10451,gunshot,7662,9981,320131_5.wav
10452,gunshot,834,2933,320132_0.wav
10452,gunshot,5653,6312,26141_0.wav
10453,glassbreak,4890,5709,349246_0.wav
10453,glassbreak,6061,6740,212698_0.wav
10453,gunshot,7442,8601,128301_0.wav
10454,glassbreak,1803,2562,257642_2.wav
10454,glassbreak,8885,9984,344266_0.wav
10454,gunshot,4327,6446,320131_6.wav
10455,glassbreak,7605,9184,320126_8.wav
10455,glassbreak,2550,3969,320126_16.wav
10455,gunshot,4184,5343,128294_0.wav
10455,gunshot,585,1224,377786_10.wav
10456,gunshot,6451,6890,163738_0.wav
10456,gunshot,425,2944,320131_3.wav
10457,glassbreak,7696,8175,87568_6.wav
10457,glassbreak,6151,6870,57971_0.wav
10457,glassbreak,9037,9616,87567_1.wav
10457,gunshot,2119,3278,128301_0.wav
10458,glassbreak,5347,6386,344269_0.wav
10458,gunshot,1305,2124,34708_0.wav
10459,glassbreak,8062,8901,65902_0.wav
10459,glassbreak,2000,3699,320128_1.wav
10459,glassbreak,5143,6942,320127_6.wav
10460,gunshot,5557,6536,128293_0.wav
10460,gunshot,1736,2135,260600_5.wav
10461,glassbreak,5322,7661,173557_0.wav
10461,gunshot,24,503,260600_6.wav
10462,glassbreak,2453,3232,87568_4.wav
10462,glassbreak,6820,7539,84705_0.wav
10463,glassbreak,7793,8732,118393_6.wav
10463,glassbreak,2222,4441,173585_0.wav
10463,glassbreak,981,1560,87567_1.wav
10464,gunshot,2163,2722,260600_10.wav
10464,gunshot,7261,8580,341221_3.wav
10465,glassbreak,2399,3598,320126_2.wav
10465,glassbreak,7869,9228,320126_4.wav
10465,gunshot,6176,7535,341221_4.wav
10466,glassbreak,5298,7077,320126_1.wav
10466,glassbreak,1312,4231,173580_0.wav
10466,glassbreak,8586,9085,57947_2.wav
10467,gunshot,3027,3506,164646_0.wav
10467,gunshot,5600,8179,255265_0.wav
10467,gunshot,8456,9715,345584_1.wav
10469,glassbreak,5904,6943,320126_13.wav
10469,glassbreak,2496,3595,118393_5.wav
10470,glassbreak,6580,7919,320127_5.wav
10470,glassbreak,8405,9224,349246_0.wav
10470,glassbreak,1586,2085,118393_7.wav
10472,glassbreak,6237,8396,320126_17.wav
10472,glassbreak,488,1807,360410_0.wav
10472,glassbreak,2648,5487,320128_3.wav
10473,gunshot,2392,3651,345584_3.wav
10473,gunshot,5869,8108,255264_2.wav
10474,glassbreak,5816,7015,320126_2.wav
10474,glassbreak,4401,4780,87568_1.wav
10475,gunshot,2141,5220,258203_0.wav
10475,gunshot,281,960,377786_0.wav
10475,gunshot,6117,6876,320129_0.wav
10476,gunshot,3309,5748,255264_9.wav
10477,glassbreak,8772,9451,979_0.wav
10477,gunshot,7819,8438,260600_11.wav
10477,gunshot,950,1709,377786_15.wav
10478,gunshot,9264,9683,320134_5.wav
10478,gunshot,6195,6934,377786_4.wav
10478,gunshot,1626,4305,255265_1.wav
10480,glassbreak,2200,2999,978_0.wav
10480,gunshot,9272,9971,377786_11.wav
10481,gunshot,9180,9939,320129_0.wav
10481,gunshot,144,663,320134_2.wav
10481,gunshot,1116,2555,341221_0.wav
10482,gunshot,2365,5444,258203_0.wav
10482,gunshot,7519,8838,341221_3.wav
10483,glassbreak,3451,4750,270518_0.wav
10483,gunshot,5706,8265,255265_4.wav
10483,gunshot,2328,3047,34708_3.wav
10484,glassbreak,2913,3952,344269_0.wav
10484,glassbreak,4798,6537,320126_15.wav
10484,glassbreak,1807,2906,344266_0.wav
10484,gunshot,995,1434,163738_0.wav
10485,glassbreak,8057,9356,270518_0.wav
10485,gunshot,2642,3501,377786_2.wav
10486,glassbreak,5201,7000,320127_6.wav
10486,gunshot,1396,2375,128293_0.wav
10486,gunshot,4273,4712,163738_0.wav
10486,gunshot,7050,8469,341221_5.wav
10487,gunshot,5064,6503,341221_2.wav
10487,gunshot,650,3329,320132_2.wav
10488,glassbreak,7164,7963,344268_0.wav
10488,glassbreak,343,1702,320126_4.wav
10488,glassbreak,5549,6848,270518_0.wav
10489,gunshot,5463,6622,128294_0.wav
10489,gunshot,7709,9028,337166_0.wav
10490,gunshot,383,1802,204011_0.wav
10490,gunshot,8949,9628,377786_8.wav
10491,glassbreak,3463,4962,320126_0.wav
10491,glassbreak,6315,8454,320126_5.wav
10491,glassbreak,287,3126,320128_3.wav
10491,gunshot,9000,9639,377786_10.wav
10492,glassbreak,5378,6577,320126_12.wav
10492,glassbreak,373,2112,320126_15.wav
10492,gunshot,8737,9596,377786_13.wav
10493,glassbreak,8034,9433,320126_3.wav
10493,gunshot,7417,7796,30185_0.wav
10494,gunshot,5099,7178,255264_0.wav
10494,gunshot,2393,4752,320132_4.wav
10494,gunshot,406,1185,377786_22.wav
10495,gunshot,3776,4695,320134_7.wav
10495,gunshot,6768,9207,255264_9.wav
10495,gunshot,505,3404,255265_3.wav
10496,gunshot,4944,7743,377787_2.wav
10496,gunshot,1840,4279,255264_9.wav
10497,glassbreak,2522,4021,320126_0.wav
10497,glassbreak,5282,7021,362238_0.wav
10497,glassbreak,1910,2369,57947_0.wav
10498,glassbreak,6492,8291,320127_6.wav
10498,gunshot,3874,4333,260600_4.wav
10499,gunshot,8222,8961,377786_4.wav
10500,glassbreak,4655,7654,173560_0.wav
10500,gunshot,759,1318,320134_1.wav
10500,gunshot,1666,3765,320132_0.wav
10501,glassbreak,918,2517,320128_0.wav
10501,glassbreak,4314,4753,118393_0.wav
10501,glassbreak,2888,3647,257642_2.wav
10502,gunshot,988,3627,320131_2.wav
10502,gunshot,6134,7313,377789_4.wav
10502,gunshot,4559,5338,377786_20.wav
10503,glassbreak,7445,9144,320128_1.wav
10503,gunshot,4899,6098,204949_1.wav
10503,gunshot,6565,7284,34708_3.wav
10503,gunshot,1610,2949,377789_3.wav
10504,glassbreak,1849,2468,41348_0.wav
10504,glassbreak,9412,9971,85184_0.wav
10504,glassbreak,3677,4476,978_0.wav
10504,gunshot,4542,6861,255264_13.wav
10505,glassbreak,5846,7625,320126_1.wav
10505,glassbreak,2748,5747,320126_23.wav
10505,glassbreak,1425,2324,270516_1.wav
10505,gunshot,8483,9902,204011_0.wav
10506,gunshot,6260,9579,377787_1.wav
10506,gunshot,4343,4862,260600_8.wav
10506,gunshot,2350,2749,30185_1.wav
10507,glassbreak,2794,4493,320128_1.wav
10507,glassbreak,5335,5894,87568_3.wav
10507,glassbreak,7254,8393,118393_1.wav
10508,glassbreak,8503,9362,360621_1.wav
10508,glassbreak,402,1901,320126_0.wav
10508,gunshot,6398,7117,320134_4.wav
10508,gunshot,2144,4843,255264_3.wav
10509,gunshot,1047,1526,164646_0.wav
10509,gunshot,6079,6718,204949_0.wav
10509,gunshot,2233,2992,204949_2.wav
10511,glassbreak,6300,8199,320127_3.wav
10511,gunshot,8257,9616,341221_4.wav
10512,gunshot,6391,8750,320132_4.wav
10512,gunshot,1549,2768,320135_0.wav
10512,gunshot,4538,5197,320129_3.wav
10513,glassbreak,7190,8789,320127_0.wav
10513,gunshot,3224,3983,320129_0.wav
10513,gunshot,1643,2982,341221_6.wav
10514,glassbreak,147,846,85168_0.wav
10514,glassbreak,8744,9243,57947_2.wav
10514,glassbreak,3398,5177,320126_1.wav
10515,glassbreak,1024,4023,320126_23.wav
10515,glassbreak,8794,9593,978_0.wav
10515,gunshot,4314,5633,337166_0.wav
10515,gunshot,6944,7523,377786_9.wav
10516,gunshot,529,1388,377786_2.wav
10516,gunshot,3298,3977,34708_5.wav
10517,glassbreak,1797,4016,173585_0.wav
10517,glassbreak,7320,8183,267889_0.wav
10517,gunshot,8456,9155,377786_11.wav
10517,gunshot,4410,5829,341221_5.wav
10518,gunshot,2760,3919,345584_2.wav
10518,gunshot,6931,8330,377789_2.wav
10519,gunshot,6544,7203,320129_3.wav
10521,glassbreak,1536,3115,320126_8.wav
10521,glassbreak,5859,8238,320126_19.wav
10521,glassbreak,8570,9369,978_0.wav
10521,gunshot,827,1406,377786_1.wav
10522,glassbreak,1245,2844,320128_0.wav
10522,gunshot,6353,7092,377786_5.wav
10523,glassbreak,2452,3271,214336_0.wav
10523,gunshot,7083,7922,377786_18.wav
10523,gunshot,4870,5629,377786_12.wav
10525,glassbreak,7372,8511,118393_1.wav
10525,glassbreak,4634,6373,362238_0.wav
10525,glassbreak,702,1801,344266_0.wav
10525,gunshot,2488,3187,377786_17.wav
10526,gunshot,4023,4942,320134_7.wav
10526,gunshot,4987,6866,320131_4.wav
10526,gunshot,8763,9522,204949_2.wav
10527,glassbreak,3976,5255,362238_1.wav
10527,gunshot,5517,7576,122690_0.wav
10527,gunshot,8050,8569,260600_8.wav
10527,gunshot,2015,2734,320134_4.wav
10528,glassbreak,1044,3423,320126_19.wav
10528,glassbreak,9160,9659,57947_2.wav
10528,glassbreak,7617,8636,322603_0.wav
10529,glassbreak,1077,2276,320126_2.wav
10529,glassbreak,8889,9648,257642_2.wav
10529,gunshot,7397,7896,338045_0.wav
10529,gunshot,4195,6874,255265_1.wav
10530,glassbreak,7045,7804,344265_0.wav
10530,gunshot,3804,4983,377789_4.wav
10530,gunshot,3110,3509,30185_1.wav
10531,gunshot,4552,5071,260600_8.wav
10531,gunshot,1656,2315,377786_16.wav
10532,glassbreak,3108,3427,368342_0.wav
10532,glassbreak,8409,9808,362238_2.wav
10532,glassbreak,93,1892,362310_0.wav
10532,gunshot,4540,5239,377786_11.wav
10533,glassbreak,4512,5931,320126_16.wav
10533,glassbreak,1131,1550,57971_3.wav
10533,gunshot,3357,3696,260600_12.wav
10533,gunshot,6175,8254,255264_0.wav
10534,gunshot,3678,4437,204949_2.wav
10534,gunshot,5427,7746,320131_5.wav
10535,glassbreak,1285,2864,320126_8.wav
10536,glassbreak,3543,5442,320127_3.wav
10536,glassbreak,7724,8763,344269_0.wav
10536,gunshot,807,2206,260600_1.wav
10536,gunshot,5687,6026,260600_12.wav
10537,glassbreak,4023,5622,320127_0.wav
10537,gunshot,1486,2145,320129_1.wav
10537,gunshot,6706,7165,260600_4.wav
10537,gunshot,2327,3066,377786_4.wav
10539,glassbreak,3527,5506,320126_22.wav
10539,glassbreak,6434,6873,118393_0.wav
10539,gunshot,113,2672,255265_4.wav
10539,gunshot,7789,9708,255267_2.wav
10540,gunshot,6731,8050,341221_3.wav
10540,gunshot,887,3206,320131_5.wav
10540,gunshot,3314,5393,255264_0.wav
10541,glassbreak,7262,8081,257642_4.wav
10541,glassbreak,1850,2649,344268_0.wav
10541,glassbreak,4769,6988,173585_0.wav
10541,gunshot,18,997,128293_0.wav
10542,glassbreak,145,1844,320128_1.wav
10542,glassbreak,1939,3038,344266_0.wav
10542,gunshot,7700,9799,320132_0.wav
10543,glassbreak,4252,5051,978_0.wav
10543,gunshot,1564,2143,377786_9.wav
10545,gunshot,5691,7010,341221_3.wav
10545,gunshot,3290,5349,122690_0.wav
10545,gunshot,732,1831,128302_0.wav
10546,glassbreak,3864,4423,270516_0.wav
10546,glassbreak,1960,3679,320127_4.wav
10546,gunshot,11,1330,337166_0.wav
10547,glassbreak,4340,5199,87567_0.wav
10547,glassbreak,5683,8682,173560_0.wav
10547,glassbreak,2803,3522,84705_0.wav
10548,glassbreak,3533,5132,320127_2.wav
10549,glassbreak,6184,6903,344267_0.wav
10549,glassbreak,51,2730,173581_0.wav
10550,gunshot,2972,4291,341221_3.wav
10551,gunshot,610,3449,255264_14.wav
10552,glassbreak,5744,8023,320126_21.wav
10552,glassbreak,792,1811,118393_3.wav
10552,glassbreak,2213,4552,173557_0.wav
10553,glassbreak,301,760,87568_8.wav
10553,glassbreak,1357,2236,270518_1.wav
10553,gunshot,3017,4276,345584_3.wav
10553,gunshot,6388,6787,260600_5.wav
10554,gunshot,6717,7076,30185_2.wav
10554,gunshot,682,1701,260600_2.wav
10556,glassbreak,1427,3346,315647_0.wav
10556,glassbreak,7890,8609,57971_0.wav
10556,gunshot,3717,4236,260600_8.wav
10557,gunshot,603,3502,255265_3.wav
10557,gunshot,4187,4606,30185_4.wav
10558,glassbreak,439,1018,87567_1.wav
10558,glassbreak,3105,4104,270518_2.wav
10558,glassbreak,6765,8544,320126_1.wav
10559,gunshot,6936,7715,377786_22.wav
10560,glassbreak,2012,3291,362238_1.wav
10560,glassbreak,5332,6195,267889_0.wav
10560,glassbreak,3348,4207,360621_1.wav
10561,glassbreak,5348,7087,362238_0.wav
10561,glassbreak,7635,9034,320127_1.wav
10561,glassbreak,534,1993,173576_0.wav
10562,glassbreak,1740,2779,321143_0.wav
10562,gunshot,6827,8086,345584_1.wav
10562,gunshot,2933,4952,255267_0.wav
10563,glassbreak,50,549,57947_2.wav
10563,gunshot,3626,4145,260600_9.wav
10564,gunshot,3518,4857,341221_6.wav
10564,gunshot,6063,8742,255265_1.wav
10565,glassbreak,3711,4550,65902_0.wav
10565,gunshot,9031,9810,377786_22.wav
10565,gunshot,7133,8132,338045_1.wav
10565,gunshot,2912,3611,128296_0.wav
10566,gunshot,4944,7123,255264_6.wav
10566,gunshot,3700,4699,338045_1.wav
10566,gunshot,597,1836,345584_0.wav
10567,gunshot,7654,9153,165540_0.wav
10567,gunshot,4612,6051,341221_2.wav
10567,gunshot,3175,4014,260600_3.wav
10568,gunshot,7446,8585,320135_1.wav
10568,gunshot,1779,3698,127845_0.wav
10569,gunshot,1919,2658,377786_4.wav
10569,gunshot,2801,5600,377787_2.wav
10571,gunshot,558,2417,65752_0.wav
10571,gunshot,4772,8011,377787_4.wav
10572,glassbreak,5594,7493,320127_3.wav
10572,glassbreak,1588,3927,173557_0.wav
10574,glassbreak,1838,4377,320126_18.wav
10574,glassbreak,7377,7936,85184_0.wav
10574,gunshot,5563,7002,341221_0.wav
10575,glassbreak,175,954,87568_4.wav
10575,glassbreak,1804,2903,118393_5.wav
10576,gunshot,681,1200,260600_8.wav
10577,glassbreak,3537,4396,87567_0.wav
10577,gunshot,7395,9954,255265_4.wav
10577,gunshot,5004,7263,255264_12.wav
10578,gunshot,193,892,377786_17.wav
10578,gunshot,7056,9455,255264_4.wav
10578,gunshot,4052,6411,320132_4.wav
10579,gunshot,2618,3469,136766_0.wav
10580,glassbreak,2581,4180,320127_2.wav
10580,gunshot,4699,5358,320129_1.wav
10580,gunshot,6977,8396,341221_5.wav
10581,gunshot,1338,2189,136766_0.wav
10582,glassbreak,7604,9583,320126_22.wav
10582,glassbreak,499,1058,85184_0.wav
10582,gunshot,2785,4804,255267_0.wav
10582,gunshot,1128,1767,34708_1.wav
10583,gunshot,5131,7970,255264_14.wav
10585,gunshot,793,2872,255264_0.wav
10585,gunshot,3137,6376,377787_4.wav
10586,gunshot,6574,9933,377787_3.wav
10586,gunshot,1052,2211,128301_0.wav
10587,glassbreak,4157,5656,320126_0.wav
10587,glassbreak,1897,3036,118393_1.wav
10587,gunshot,6864,8283,341221_5.wav
10588,glassbreak,1449,2228,257642_0.wav
10588,gunshot,2346,3385,128299_0.wav
10588,gunshot,6978,9617,255264_5.wav
10589,gunshot,5753,6672,34708_4.wav
10589,gunshot,5117,5356,260600_13.wav
10589,gunshot,102,1201,128302_0.wav
10590,gunshot,199,2138,320132_1.wav
10590,gunshot,7342,8341,338045_1.wav
10593,glassbreak,8620,9639,118393_3.wav
10594,glassbreak,6882,8221,320127_5.wav
10594,glassbreak,407,1106,85168_0.wav
10594,gunshot,5052,6551,377789_0.wav
10594,gunshot,2286,4605,255264_13.wav
10596,glassbreak,3416,4535,84536_0.wav
10596,glassbreak,5912,6691,87568_4.wav
10596,gunshot,2312,2551,260600_13.wav
10597,glassbreak,1984,2683,85168_0.wav
10597,glassbreak,5940,7659,320127_4.wav
10597,glassbreak,7903,9302,320127_1.wav
10597,gunshot,5522,5881,30185_2.wav
10599,gunshot,4594,5353,320129_0.wav
10600,glassbreak,1678,3457,320126_1.wav
10600,glassbreak,6497,7216,87568_0.wav
10600,glassbreak,9174,9753,57947_1.wav
10601,glassbreak,2956,4755,320127_6.wav
10601,glassbreak,5379,8318,173559_0.wav
10601,glassbreak,8821,9520,85107_0.wav
10602,gunshot,8972,9531,260600_10.wav
10603,gunshot,2145,4384,255267_1.wav
10603,gunshot,5179,6058,128295_0.wav
10604,glassbreak,4692,6151,320126_11.wav
10604,glassbreak,2677,3396,57971_0.wav
10604,glassbreak,6903,8322,320126_16.wav
10605,glassbreak,404,1123,344267_0.wav
10606,glassbreak,2826,5065,173586_0.wav
10606,glassbreak,8179,9638,173576_0.wav
10606,glassbreak,1390,2749,320126_9.wav
10606,gunshot,6315,6754,163738_0.wav
10607,glassbreak,6408,7487,344270_0.wav
10607,glassbreak,5738,6297,87568_3.wav
10607,glassbreak,1202,4041,320128_3.wav
10608,glassbreak,1219,2918,320128_1.wav
10608,gunshot,5384,8063,320132_2.wav
10608,gunshot,3539,4698,128294_0.wav
10609,glassbreak,7894,8333,118393_0.wav
10609,glassbreak,4179,4878,85107_0.wav
10610,glassbreak,3498,4317,257642_4.wav
10610,glassbreak,4853,5312,57947_0.wav
10610,gunshot,7067,9426,320132_4.wav
10611,gunshot,7776,8615,377786_14.wav
10611,gunshot,302,1061,377786_15.wav
10612,glassbreak,1695,3434,320126_15.wav
10612,glassbreak,5488,7627,320126_5.wav
10612,gunshot,4626,5045,30185_4.wav
10614,gunshot,6625,7064,163738_0.wav
10616,glassbreak,1108,1407,87568_5.wav
10617,glassbreak,4346,4925,57947_1.wav
10617,glassbreak,1131,1850,57971_0.wav
10617,gunshot,7983,9322,341221_6.wav
10618,glassbreak,2310,3509,320126_12.wav
10618,gunshot,8085,8424,260600_12.wav
10618,gunshot,3729,6288,255265_4.wav
10619,glassbreak,3909,5688,320126_1.wav
10619,glassbreak,6332,7051,57971_0.wav
10619,glassbreak,7396,9775,320126_19.wav
10619,gunshot,1708,2367,377786_16.wav
10620,glassbreak,8290,9309,118393_3.wav
10620,glassbreak,4670,5389,344271_0.wav
10620,glassbreak,202,681,977_0.wav
10620,gunshot,2358,3177,34708_0.wav
10621,gunshot,1299,3658,320132_4.wav
10621,gunshot,3718,4297,260600_7.wav
10621,gunshot,5393,6892,165540_0.wav
10622,glassbreak,8526,9665,118393_1.wav
10623,gunshot,1431,4750,377787_1.wav
10624,glassbreak,4034,6313,320126_21.wav
10625,glassbreak,5353,7152,320127_6.wav
10626,gunshot,5573,6592,260600_2.wav
10626,gunshot,1448,2867,204011_0.wav
10626,gunshot,7222,9901,320131_1.wav
10627,gunshot,1077,2476,260600_0.wav
10627,gunshot,6198,7057,377786_13.wav
10628,gunshot,8627,9086,260600_4.wav
10628,gunshot,2058,3477,204011_0.wav
10630,gunshot,6222,6661,163738_0.wav
10630,gunshot,3033,4472,377789_1.wav
10630,gunshot,2003,2762,377786_21.wav
10632,gunshot,5846,7925,166191_0.wav
10633,glassbreak,3636,4195,87568_3.wav
10633,glassbreak,1593,2592,270518_2.wav
10633,glassbreak,9566,9945,87568_1.wav
10634,glassbreak,6025,8404,320126_19.wav
10635,glassbreak,8170,9009,65902_0.wav
10635,glassbreak,4179,7118,173559_0.wav
10635,gunshot,356,2675,320131_5.wav
10635,gunshot,2879,3258,30185_0.wav
10637,glassbreak,7387,8666,362238_1.wav
10637,gunshot,1095,1674,377786_7.wav
10637,gunshot,3884,6243,320132_4.wav
10637,gunshot,6568,7327,377786_15.wav
10638,gunshot,1180,1979,377786_3.wav
10639,glassbreak,3818,4837,322603_0.wav
10639,glassbreak,706,2105,320127_1.wav
10639,glassbreak,3052,3751,85107_0.wav
10640,gunshot,6342,8421,166191_0.wav
10641,glassbreak,6129,7928,320127_6.wav
10641,glassbreak,1368,2947,320126_8.wav
10641,gunshot,5191,5830,34708_1.wav
10641,gunshot,8270,8529,260600_14.wav
10643,gunshot,4990,5649,320129_1.wav
10644,glassbreak,5461,5920,87568_8.wav
10644,glassbreak,6732,9111,320126_19.wav
10644,glassbreak,1770,3169,320126_3.wav
10645,glassbreak,2647,3366,57971_0.wav
10645,glassbreak,4754,7293,320126_18.wav
10645,glassbreak,493,1356,267889_0.wav
10646,gunshot,4412,7651,377787_4.wav
10646,gunshot,995,2094,128302_0.wav
10646,gunshot,2735,4074,377789_3.wav
10647,glassbreak,4883,6802,320126_14.wav
10647,gunshot,100,2179,255264_0.wav
10648,glassbreak,2916,4655,320126_10.wav
10648,glassbreak,9317,9636,57971_2.wav
10650,glassbreak,7148,7907,344265_0.wav
10650,gunshot,1982,2661,34708_5.wav
10651,glassbreak,4089,4848,360621_0.wav
10651,gunshot,8956,9695,377786_5.wav
10651,gunshot,367,1146,377786_22.wav
10651,gunshot,5239,7118,320131_4.wav
10652,gunshot,8887,9466,260600_7.wav
10652,gunshot,5767,8046,255264_11.wav
10653,gunshot,4685,6184,204012_0.wav
10654,glassbreak,5411,6170,344265_0.wav
10654,gunshot,2661,3080,320134_5.wav
10654,gunshot,3201,4060,377786_2.wav
10655,gunshot,6132,7631,204012_0.wav
10655,gunshot,432,1311,128295_0.wav
10655,gunshot,2522,5481,377787_0.wav
10657,glassbreak,3637,4936,270518_0.wav
10657,glassbreak,6869,9868,320126_23.wav
10657,glassbreak,2007,3506,320126_0.wav
10657,gunshot,810,1669,377786_2.wav
10658,glassbreak,2028,3147,84536_0.wav
10658,glassbreak,8038,9237,320126_12.wav
10658,glassbreak,4360,5819,173576_0.wav
10658,gunshot,422,1861,377789_1.wav
10659,glassbreak,5483,6062,257642_1.wav
10659,glassbreak,1923,4082,320126_17.wav
10661,glassbreak,1145,2384,360410_2.wav
10661,glassbreak,8366,8685,368342_0.wav
10661,gunshot,6078,6737,377786_16.wav
10661,gunshot,2692,4091,260600_0.wav
10662,gunshot,6285,7724,341221_0.wav
10662,gunshot,7773,8532,377786_21.wav
10662,gunshot,1938,4277,255264_10.wav
10663,gunshot,1103,4062,377787_0.wav
10663,gunshot,9037,9696,320129_1.wav
10664,gunshot,2085,2724,204949_0.wav
10664,gunshot,9400,9919,320134_2.wav
10665,glassbreak,6783,8702,320126_14.wav
10665,glassbreak,708,1547,156578_0.wav
10665,glassbreak,2614,3093,87568_6.wav
10666,gunshot,4928,5607,34708_5.wav
10666,gunshot,6744,7503,377786_12.wav
10666,gunshot,234,613,30185_0.wav
10667,glassbreak,5901,6480,57947_1.wav
10667,glassbreak,3329,5228,320127_3.wav
10668,gunshot,1030,3869,255264_14.wav
10670,glassbreak,6,765,257642_2.wav
10670,glassbreak,6632,8211,320126_8.wav
10671,gunshot,2658,4577,127845_0.wav
10671,gunshot,4982,5621,204010_0.wav
10672,gunshot,4424,5623,204949_1.wav
10672,gunshot,8195,8874,377786_0.wav
10673,gunshot,8990,9409,320134_5.wav
10673,gunshot,5940,7379,377789_1.wav
10673,gunshot,3841,4840,353093_0.wav
10674,gunshot,4263,7262,255265_2.wav
10674,gunshot,535,2454,255267_2.wav
10674,gunshot,7421,9760,255264_10.wav
10675,glassbreak,1523,2102,57947_1.wav
10675,glassbreak,7133,9812,173581_0.wav
10675,glassbreak,3220,4239,118393_3.wav
10676,glassbreak,3264,5543,320126_21.wav
10676,glassbreak,7888,9007,84536_0.wav
10676,gunshot,1494,2753,345584_1.wav
10677,glassbreak,620,1239,41348_0.wav
10677,glassbreak,1771,2430,346173_0.wav
10677,glassbreak,3274,4373,87568_2.wav
10677,gunshot,6597,9276,255265_1.wav
10678,glassbreak,34,1233,320126_12.wav
10678,glassbreak,4519,6258,320126_15.wav
10678,glassbreak,1324,3483,320126_17.wav
10679,glassbreak,7900,9259,320126_9.wav
10679,glassbreak,479,938,87568_8.wav
10679,glassbreak,3366,4465,118393_5.wav
10679,gunshot,2745,3244,338045_0.wav
10680,glassbreak,4462,6181,320127_4.wav
10680,glassbreak,1611,3330,320127_4.wav
10680,glassbreak,6953,9292,173557_0.wav
10681,glassbreak,2312,5231,173580_0.wav
10681,glassbreak,7305,9104,320127_6.wav
10682,glassbreak,2236,5075,320128_3.wav
10682,glassbreak,6925,7524,87568_7.wav
10683,glassbreak,2119,2938,349246_0.wav
10683,glassbreak,5560,7479,320126_14.wav
10683,gunshot,153,632,164646_0.wav
10683,gunshot,3891,4810,320134_9.wav
10684,gunshot,2545,3584,128299_0.wav
10685,gunshot,5708,6487,377786_22.wav
10686,glassbreak,7554,8373,257642_4.wav
10686,glassbreak,733,2192,320126_11.wav
10686,glassbreak,6153,7512,320126_4.wav
10686,gunshot,4001,4760,377786_12.wav
10687,gunshot,8198,9697,204012_0.wav
10688,glassbreak,4684,5443,360621_0.wav
10688,glassbreak,6766,8905,320126_5.wav
10688,gunshot,743,1302,260600_10.wav
10689,glassbreak,1979,4818,320128_3.wav
10689,glassbreak,6548,7267,257642_3.wav
10689,glassbreak,7956,9475,87568_10.wav
10690,gunshot,698,1097,30185_1.wav
10690,gunshot,2212,2911,320129_2.wav
10691,glassbreak,2991,3610,41348_0.wav
10691,glassbreak,6842,7941,118393_5.wav
10691,glassbreak,529,2108,320126_8.wav
10692,gunshot,4753,7392,255264_5.wav
10692,gunshot,377,936,320134_3.wav
10692,gunshot,1460,2859,260600_0.wav
10693,gunshot,5525,6324,377786_3.wav
10693,gunshot,972,2131,128294_0.wav
10694,gunshot,7590,7989,260600_5.wav
10694,gunshot,3172,4671,377789_0.wav
10694,gunshot,976,2995,255267_0.wav
10695,gunshot,1425,4324,255265_3.wav
10696,glassbreak,921,2620,320128_1.wav
10696,gunshot,7289,8148,377786_2.wav
10697,gunshot,2951,3750,34708_2.wav
10699,glassbreak,7691,8930,360410_2.wav
10699,glassbreak,3799,5718,320126_14.wav
10699,glassbreak,667,2886,173585_0.wav
10699,gunshot,5787,7186,377789_2.wav
10700,glassbreak,5902,6781,270518_1.wav
10700,glassbreak,4609,5468,87567_0.wav
10700,gunshot,723,2222,204012_0.wav
10700,gunshot,8640,9379,377786_5.wav
10703,gunshot,6176,8495,320131_5.wav
10703,gunshot,1797,4116,255264_13.wav
10703,gunshot,8543,9502,204009_0.wav
10705,glassbreak,1145,3484,173557_0.wav
10705,glassbreak,7373,8152,257642_0.wav
10705,glassbreak,4548,6347,362310_0.wav
10706,gunshot,2653,4152,377789_0.wav
10706,gunshot,6787,8026,345584_0.wav
10706,gunshot,4281,6600,320131_5.wav
10707,gunshot,1038,1457,320134_5.wav
10708,gunshot,5184,7103,255267_2.wav
10709,glassbreak,2465,3784,360410_0.wav
10710,gunshot,3207,4366,345584_2.wav
10711,gunshot,317,936,320134_0.wav
10711,gunshot,1975,2674,320129_2.wav
10711,gunshot,2757,3456,320129_2.wav
10713,glassbreak,107,2246,320126_5.wav
10713,glassbreak,5227,6326,344266_0.wav
10713,glassbreak,7395,8214,257642_4.wav
10714,gunshot,7691,8210,260600_9.wav
10714,gunshot,2553,3912,341221_4.wav
10715,glassbreak,2817,4016,320126_12.wav
10715,glassbreak,8270,8889,41348_0.wav
10716,glassbreak,473,992,270816_0.wav
10718,gunshot,6052,6691,204010_0.wav
10718,gunshot,742,2101,341221_4.wav
10719,glassbreak,6509,7168,346173_0.wav
10719,gunshot,3315,5254,320132_1.wav
10719,gunshot,8498,9377,128295_0.wav
10721,gunshot,259,2338,166191_0.wav
10721,gunshot,5875,7954,166191_0.wav
10721,gunshot,3203,5762,255264_1.wav
10723,glassbreak,5865,6624,360621_0.wav
10723,gunshot,383,1082,320129_2.wav
10724,glassbreak,5858,7577,320127_4.wav
10724,glassbreak,2780,5699,173580_0.wav
10724,gunshot,8407,9326,34708_4.wav
10724,gunshot,254,2593,255264_8.wav
10725,glassbreak,1448,2947,320126_0.wav
10725,gunshot,5795,6314,320134_2.wav
10725,gunshot,8266,9185,34708_4.wav
10726,glassbreak,6500,7439,118393_6.wav
10726,gunshot,8536,9455,320134_7.wav
10726,gunshot,969,1888,320134_7.wav
10726,gunshot,2081,4440,320132_4.wav
10727,glassbreak,939,2138,320126_12.wav
10727,glassbreak,7322,7881,981_0.wav
10727,gunshot,2471,3490,260600_2.wav
10727,gunshot,5996,6375,30185_0.wav
10728,glassbreak,7382,8881,320126_0.wav
10728,glassbreak,3252,3951,85107_0.wav
10728,glassbreak,1340,2379,320126_13.wav
10728,gunshot,5751,6450,164667_0.wav
10729,glassbreak,8290,9109,349246_0.wav
10729,glassbreak,699,1598,270516_1.wav
10730,glassbreak,1449,3368,315647_0.wav
10730,gunshot,3890,5389,165540_0.wav
10730,gunshot,553,1312,377786_6.wav
10731,gunshot,4004,5443,341221_2.wav
10732,gunshot,6609,6988,30185_0.wav
10732,gunshot,1400,1859,320134_6.wav
10733,gunshot,3595,5714,320131_6.wav
10734,gunshot,5275,7454,320132_5.wav
10734,gunshot,802,1321,260600_9.wav
10734,gunshot,7570,9929,320132_3.wav
10735,glassbreak,8764,9343,87567_1.wav
10735,glassbreak,5610,6289,979_0.wav
10736,gunshot,713,1812,128302_0.wav
10736,gunshot,5953,8512,255265_4.wav
10736,gunshot,3101,3740,204010_0.wav
10737,glassbreak,1353,3732,320126_19.wav
10737,glassbreak,5706,7425,320127_4.wav
10737,glassbreak,7833,9032,320126_12.wav
10738,gunshot,4086,5085,128297_0.wav
10738,gunshot,6265,7264,128297_0.wav
10738,gunshot,1758,2677,34708_4.wav
10739,gunshot,2886,4945,122690_0.wav
10740,gunshot,3124,3823,377786_17.wav
10740,gunshot,4344,6023,255264_7.wav
10741,glassbreak,1749,3108,320126_4.wav
10742,glassbreak,4310,5329,366595_0.wav
10742,glassbreak,1217,4056,320128_3.wav
10742,gunshot,5802,8141,255264_8.wav
10744,gunshot,4392,5171,377786_22.wav
10744,gunshot,8618,9197,260600_7.wav
10744,gunshot,2522,3521,338045_1.wav
10745,gunshot,4391,4970,377786_7.wav
10745,gunshot,1395,2154,377786_12.wav
10748,gunshot,2336,4975,320131_2.wav
10749,gunshot,1091,1530,163738_0.wav
10749,gunshot,5227,5686,260600_4.wav
10750,glassbreak,3873,5332,173576_0.wav
10750,glassbreak,1093,2112,322603_0.wav
10750,gunshot,7936,8395,260600_4.wav
10752,glassbreak,8632,9911,362238_1.wav
10752,glassbreak,4851,6190,320127_5.wav
10752,glassbreak,266,3265,320126_23.wav
10753,gunshot,542,2801,255264_12.wav
10754,glassbreak,570,3509,173559_0.wav
10754,glassbreak,8440,8879,51734_0.wav
10755,glassbreak,2361,3400,321143_0.wav
10755,gunshot,5211,6450,345584_0.wav
10755,gunshot,6524,8443,255267_2.wav
10755,gunshot,66,1105,128299_0.wav
10756,gunshot,3892,4471,377786_7.wav
10757,glassbreak,3626,5365,320126_15.wav
10757,glassbreak,5878,6197,57971_2.wav
10757,gunshot,8125,8684,320134_1.wav
10758,glassbreak,7656,8375,84705_0.wav
10758,glassbreak,3390,5549,320126_17.wav
10758,gunshot,1107,3186,166191_0.wav
10759,glassbreak,1403,2422,322603_0.wav
10759,glassbreak,6860,8659,362310_0.wav
10759,gunshot,2747,4766,255267_0.wav
10759,gunshot,532,951,30185_4.wav
10760,gunshot,2816,3275,320134_6.wav
10760,gunshot,4549,6468,255267_2.wav
10761,gunshot,761,1620,377786_2.wav
10763,glassbreak,5847,7446,320127_2.wav
10763,glassbreak,1768,2327,270516_0.wav
10763,glassbreak,4610,5229,41348_0.wav
10763,gunshot,3653,4332,34708_5.wav
10764,gunshot,6464,7263,34708_2.wav
10764,gunshot,372,1871,165540_0.wav
10764,gunshot,4690,6089,377789_2.wav
10765,glassbreak,2852,3331,87568_6.wav
10767,glassbreak,4334,6073,320126_10.wav
10767,gunshot,538,1717,377789_4.wav
10768,gunshot,6335,7194,377786_2.wav
10768,gunshot,7860,8839,128293_0.wav
10768,gunshot,4341,4840,338045_0.wav
10769,gunshot,5068,8427,377787_3.wav
10769,gunshot,470,1629,128294_0.wav
10770,glassbreak,8241,8560,368342_0.wav
10770,glassbreak,3546,4745,320126_2.wav
10770,glassbreak,653,3192,320126_18.wav
10770,gunshot,7129,7888,377786_15.wav
10771,glassbreak,4890,5509,41348_0.wav
10771,gunshot,6442,8961,320131_3.wav
10772,glassbreak,945,1404,87568_8.wav
10772,glassbreak,5767,8106,173557_0.wav
10773,gunshot,7713,8872,128294_0.wav
10773,gunshot,2168,4967,377787_2.wav
10773,gunshot,5195,6594,341221_1.wav
10774,gunshot,4864,7223,320132_3.wav
10775,gunshot,6805,7184,30185_0.wav
10775,gunshot,803,2202,341221_1.wav
10775,gunshot,8990,9849,377786_19.wav
10777,glassbreak,4863,6342,320126_7.wav
10777,glassbreak,9377,9836,87568_8.wav
10777,gunshot,545,3344,377787_2.wav
10778,gunshot,101,820,34708_3.wav
10778,gunshot,2840,3279,163738_0.wav
10779,glassbreak,1194,2393,320126_2.wav
10779,glassbreak,3459,4498,344269_0.wav
10779,glassbreak,5307,7686,320126_19.wav
10780,glassbreak,8949,9428,977_0.wav
10780,glassbreak,1401,1840,118393_0.wav
10780,glassbreak,3833,4152,57971_2.wav
10781,gunshot,1300,1939,377786_10.wav
10781,gunshot,5586,7465,320131_4.wav
10782,gunshot,7622,8481,377786_19.wav
10783,glassbreak,4269,6008,362238_0.wav
10783,glassbreak,3259,4078,349246_0.wav
10783,gunshot,983,2322,341221_6.wav
10783,gunshot,9277,9676,30185_1.wav
10784,gunshot,486,2845,320132_3.wav
10784,gunshot,6704,7223,260600_8.wav
10785,gunshot,7679,8438,204949_2.wav
10785,gunshot,6107,6666,260600_10.wav
10786,glassbreak,1217,1796,57947_1.wav
10786,glassbreak,1905,4044,320126_5.wav
10786,glassbreak,4100,4819,344267_0.wav
10786,gunshot,5743,6842,128302_0.wav
10787,glassbreak,6696,9695,320126_23.wav
10787,glassbreak,2710,3029,57971_2.wav
10787,gunshot,5628,6047,30185_4.wav
10788,gunshot,5846,7005,128294_0.wav
10788,gunshot,7206,7945,377786_5.wav
10788,gunshot,1403,1922,320134_2.wav
10789,glassbreak,8130,8569,51734_0.wav
10789,glassbreak,4485,5304,349246_0.wav
10790,glassbreak,991,1810,257642_4.wav
10790,glassbreak,6566,7585,118393_3.wav
10791,glassbreak,1460,3179,320127_4.wav
10791,glassbreak,8210,9689,320126_7.wav
10794,gunshot,5566,6265,128296_0.wav
10794,gunshot,2192,4531,255264_10.wav
10794,gunshot,8045,8704,377786_16.wav
10796,glassbreak,8592,9451,360621_1.wav
10796,glassbreak,2800,3879,344270_0.wav
10796,gunshot,7318,8237,34708_4.wav
10797,glassbreak,2169,3188,366595_0.wav
10798,glassbreak,3969,4988,322603_0.wav
10798,gunshot,6652,8051,377789_2.wav
10799,glassbreak,6045,7544,320126_0.wav
10799,gunshot,9399,9798,260600_5.wav
10799,gunshot,161,2260,320132_0.wav
10800,glassbreak,3430,4469,321143_0.wav
10800,glassbreak,1020,3159,320126_5.wav
10800,gunshot,7215,7954,377786_5.wav
10801,glassbreak,2041,3320,362238_1.wav
10801,glassbreak,6731,9730,320126_23.wav
10802,gunshot,8501,9360,377786_2.wav
10802,gunshot,2652,3231,260600_7.wav
10803,glassbreak,3877,5336,320126_11.wav
10803,gunshot,6335,9034,255264_3.wav
10803,gunshot,1876,2675,34708_2.wav
10804,gunshot,9118,9697,377786_7.wav
10804,gunshot,255,594,260600_12.wav
10804,gunshot,5281,7520,255267_1.wav
10805,glassbreak,1204,2103,270516_1.wav
10805,glassbreak,5855,7594,320126_15.wav
10805,gunshot,3012,5711,255264_3.wav
10805,gunshot,7892,9291,377789_2.wav
10806,gunshot,3562,5621,122690_0.wav
10807,gunshot,6401,7360,204009_0.wav
10809,glassbreak,6999,9538,320126_18.wav
10810,gunshot,4418,5277,377786_2.wav
10810,gunshot,5803,8362,255264_1.wav
10811,glassbreak,1354,3273,315647_0.wav
10811,glassbreak,3930,6309,320126_19.wav
10811,glassbreak,6641,7680,320126_13.wav
10812,gunshot,2156,3075,320134_9.wav
10812,gunshot,6864,9063,255272_0.wav
10812,gunshot,3798,6197,255264_4.wav
10813,glassbreak,5459,7798,173557_0.wav
10813,gunshot,4216,4835,260600_11.wav
10813,gunshot,8731,9650,320134_7.wav
10813,gunshot,2134,2833,377786_11.wav
10814,glassbreak,2031,4970,173559_0.wav
10814,glassbreak,7940,8959,118393_3.wav
10815,glassbreak,9436,9995,85184_0.wav
10815,glassbreak,164,1023,87567_0.wav
10815,glassbreak,5772,6891,84536_0.wav
10816,glassbreak,9479,9938,87568_8.wav
10816,gunshot,7875,9374,377789_0.wav
10817,glassbreak,287,1966,320126_20.wav
10817,glassbreak,2404,2703,87568_5.wav
10818,glassbreak,3315,4654,320127_5.wav
10818,glassbreak,7244,9163,320126_14.wav
10818,gunshot,4730,5649,320134_9.wav
10818,gunshot,809,2248,341221_2.wav
10819,gunshot,1113,3392,255264_11.wav
10819,gunshot,8381,8900,320134_2.wav
10820,glassbreak,7903,8702,978_0.wav
10820,glassbreak,333,1152,214336_0.wav
10820,gunshot,9483,9902,320134_5.wav
10821,glassbreak,3655,4154,118393_7.wav
10821,glassbreak,2480,3319,65902_0.wav
10821,glassbreak,445,1304,87567_0.wav
10821,gunshot,8840,9719,128295_0.wav
10822,glassbreak,8584,9983,320127_1.wav
10822,gunshot,6098,7117,260600_2.wav
10822,gunshot,7364,8203,64346_0.wav
10823,gunshot,451,1850,377789_2.wav
10824,gunshot,6659,9978,377787_1.wav
10824,gunshot,4014,4573,260600_10.wav
10826,glassbreak,7455,8694,360410_2.wav
10826,glassbreak,1475,3454,320126_22.wav
10826,glassbreak,5440,7019,320126_8.wav
10827,gunshot,2129,5488,377787_3.wav
10827,gunshot,8714,9573,377786_2.wav
10827,gunshot,7315,8014,320129_2.wav
10828,gunshot,9514,9993,260600_6.wav
10828,gunshot,2638,3997,341221_4.wav
10828,gunshot,7957,9396,341221_2.wav
10829,glassbreak,4842,6181,320127_5.wav
10829,glassbreak,2580,4399,344272_0.wav
10829,gunshot,8400,9839,377789_1.wav
10830,gunshot,217,2076,65752_0.wav
10830,gunshot,2626,4945,255264_13.wav
10830,gunshot,6023,6682,320129_1.wav
10831,glassbreak,2602,3621,366595_0.wav
10831,glassbreak,852,1871,366595_0.wav
10831,glassbreak,5480,6159,212698_0.wav
10833,glassbreak,458,2997,320126_18.wav
10834,glassbreak,8281,9640,320126_4.wav
10834,glassbreak,7159,7858,85107_0.wav
10835,gunshot,1829,4408,255265_0.wav
10835,gunshot,4574,6933,320132_4.wav
10837,gunshot,3382,5461,166191_0.wav
10839,gunshot,6956,7435,260600_6.wav
10840,gunshot,6822,7861,128299_0.wav
10840,gunshot,3230,6589,377787_3.wav
10840,gunshot,1874,2733,377786_19.wav
10841,glassbreak,4086,5245,360410_1.wav
10841,glassbreak,1506,3725,173585_0.wav
10841,gunshot,5473,6212,377786_5.wav
10841,gunshot,8543,9062,260600_8.wav
10842,gunshot,4228,6907,320132_2.wav
10843,glassbreak,8597,9616,366595_0.wav
10843,glassbreak,4731,5230,57947_2.wav
10843,gunshot,3354,3913,320134_1.wav
10844,glassbreak,8146,8705,270516_0.wav
10844,glassbreak,4253,5292,344269_0.wav
10845,gunshot,7477,7896,30185_4.wav
10845,gunshot,2984,3343,30185_2.wav
10846,glassbreak,2702,4501,320127_6.wav
10846,glassbreak,5171,7850,173581_0.wav
10846,glassbreak,227,1266,320126_13.wav
10847,glassbreak,2058,3797,320126_15.wav
10847,gunshot,1228,1847,320134_0.wav
10847,gunshot,7323,8342,260600_2.wav
10847,gunshot,3820,6499,320131_1.wav
10848,glassbreak,2718,3197,977_0.wav
10849,glassbreak,2665,4264,320127_0.wav
10849,glassbreak,6499,7098,87568_7.wav
10849,gunshot,920,2339,341221_5.wav
10849,gunshot,7890,9329,341221_2.wav
10850,glassbreak,2052,3171,84536_0.wav
10850,glassbreak,8565,9324,257642_2.wav
10850,glassbreak,6477,7976,320126_0.wav
10850,gunshot,388,1807,204011_0.wav
10851,glassbreak,3008,4167,360410_1.wav
10851,glassbreak,5836,8515,173581_0.wav
10851,glassbreak,60,2439,320126_19.wav
10851,gunshot,9320,9899,377786_1.wav
10852,gunshot,2210,5529,377787_1.wav
10852,gunshot,7850,8689,260600_3.wav
10852,gunshot,9161,9680,260600_9.wav
10853,gunshot,3711,4470,377786_21.wav
10853,gunshot,5729,6648,320134_7.wav
10853,gunshot,7804,8563,377786_15.wav
10854,glassbreak,6179,6798,41348_0.wav
10854,glassbreak,2691,4930,173586_0.wav
10854,gunshot,316,2395,255264_0.wav
10854,gunshot,7691,9970,255264_11.wav
10855,gunshot,3829,5048,320135_0.wav
10856,gunshot,253,912,320129_3.wav
10856,gunshot,3033,5232,255272_1.wav
10856,gunshot,7627,9046,341221_5.wav
10857,gunshot,3616,5375,320131_0.wav
10857,gunshot,2096,2795,128296_0.wav
10857,gunshot,731,2090,341221_4.wav
10858,gunshot,1400,3479,255264_0.wav
10860,gunshot,3937,6136,255272_1.wav
10860,gunshot,7928,9027,128302_0.wav
10861,glassbreak,8578,9477,270516_1.wav
10861,gunshot,4206,6445,255264_2.wav
10861,gunshot,332,2091,320131_0.wav
10862,gunshot,2445,3844,341221_1.wav
10862,gunshot,8962,9541,377786_1.wav
10863,glassbreak,8238,8997,360621_0.wav
10863,glassbreak,2985,4404,320126_16.wav
10863,glassbreak,6123,6962,65902_0.wav
10864,gunshot,7084,9103,255267_0.wav
10864,gunshot,5324,6483,128294_0.wav
10864,gunshot,699,1358,377786_16.wav
10866,glassbreak,3452,4591,257496_0.wav
10866,glassbreak,5063,6482,320126_16.wav
10866,glassbreak,1060,3219,320126_17.wav
10866,gunshot,8843,9482,204949_0.wav
10868,glassbreak,3455,4934,320126_7.wav
10868,glassbreak,1702,2781,344270_0.wav
10868,glassbreak,5127,7806,173581_0.wav
10870,glassbreak,6465,7884,320126_16.wav
10870,glassbreak,1190,4189,173560_0.wav
10870,glassbreak,8926,9945,322603_0.wav
10870,gunshot,5109,5808,377786_17.wav
10872,gunshot,96,1495,260600_1.wav
10872,gunshot,6169,9008,255264_14.wav
10873,glassbreak,3946,4785,65902_0.wav
10873,glassbreak,2187,2746,85184_0.wav
10873,glassbreak,5490,7209,320127_4.wav
10873,gunshot,8767,9186,30185_4.wav
10874,glassbreak,7323,8242,118393_2.wav
10874,glassbreak,390,2169,320126_1.wav
10874,glassbreak,4031,6250,173585_0.wav
10875,gunshot,1142,4101,377787_0.wav
10875,gunshot,7775,8694,320134_9.wav
10875,gunshot,9233,9872,204010_0.wav
10877,gunshot,4898,5657,377786_12.wav
10877,gunshot,5934,6713,377786_20.wav
10877,gunshot,3783,4242,260600_4.wav
10878,gunshot,7474,8133,26141_0.wav
10878,gunshot,5456,6375,320134_9.wav
10879,gunshot,4673,5632,204009_0.wav
10879,gunshot,8063,8822,377786_15.wav
10879,gunshot,1815,4174,320132_3.wav
10880,gunshot,570,1269,377786_11.wav
10880,gunshot,3919,6238,255264_13.wav
10880,gunshot,8645,9684,128299_0.wav
10881,glassbreak,568,1387,349246_0.wav
10881,glassbreak,6010,6389,87568_9.wav
10881,glassbreak,3521,4220,85107_0.wav
10882,glassbreak,8312,9831,87568_10.wav
10882,glassbreak,4254,4953,85107_0.wav
10882,glassbreak,6034,6513,87568_6.wav
10882,gunshot,2140,2899,377786_15.wav
10883,glassbreak,2211,2930,257642_3.wav
10883,gunshot,6631,7070,163738_0.wav
10883,gunshot,3598,6597,255265_2.wav
10883,gunshot,7802,9821,255267_0.wav
10885,gunshot,2902,3401,338045_0.wav
10885,gunshot,4936,7375,255264_9.wav
10885,gunshot,1018,1777,377786_15.wav
10886,gunshot,5664,6543,128295_0.wav
10887,glassbreak,915,3854,173559_0.wav
10887,glassbreak,5130,7969,320128_3.wav
10887,glassbreak,178,597,57971_3.wav
10888,gunshot,7975,9014,128299_0.wav
10888,gunshot,2358,5037,255265_1.wav
10889,gunshot,4073,4812,377786_4.wav
10890,glassbreak,7599,8378,257642_0.wav
10890,gunshot,2192,4751,255265_4.wav
10890,gunshot,851,1550,377786_11.wav
10891,gunshot,5032,5991,204009_0.wav
10891,gunshot,7998,9397,377789_2.wav
10893,glassbreak,3033,3896,267889_0.wav
10893,glassbreak,5737,6676,118393_6.wav
10893,glassbreak,4594,5313,257642_3.wav
10894,glassbreak,1270,2689,320126_16.wav
10895,glassbreak,7254,7973,344271_0.wav
10895,gunshot,8035,8734,164667_0.wav
10896,glassbreak,7627,8446,214336_0.wav
10896,glassbreak,3778,4817,321143_0.wav
10896,glassbreak,5753,6792,321143_0.wav
10896,gunshot,280,2459,320132_5.wav
10898,glassbreak,6076,7535,118393_4.wav
10898,glassbreak,2090,4369,320126_21.wav
10899,glassbreak,6625,7464,156578_0.wav
10900,glassbreak,1821,3220,320126_3.wav
10900,gunshot,8663,9382,320134_4.wav
10901,gunshot,865,2624,320131_0.wav
10901,gunshot,7079,8078,338045_1.wav
10901,gunshot,8868,9447,377786_1.wav
10902,glassbreak,2564,3883,360410_0.wav
10902,gunshot,6110,8629,320131_3.wav
10903,glassbreak,2581,3260,212698_0.wav
10903,glassbreak,8248,9987,320126_15.wav
10903,glassbreak,4712,6511,320127_6.wav
10903,gunshot,659,1318,320129_3.wav
10904,gunshot,2754,4693,320132_1.wav
10905,gunshot,3380,6019,320131_2.wav
10905,gunshot,2134,2893,377786_21.wav
10905,gunshot,7269,8088,34708_0.wav
10906,gunshot,3823,5262,377789_1.wav
10909,glassbreak,7091,9770,173581_0.wav
10910,gunshot,1275,2194,320134_8.wav
10910,gunshot,7185,9424,255264_2.wav
10912,glassbreak,4409,6228,344272_0.wav
10912,glassbreak,2967,4326,320126_9.wav
10912,glassbreak,694,1173,87568_6.wav
10913,gunshot,2138,3117,128293_0.wav
10914,glassbreak,8291,9310,322603_0.wav
10914,gunshot,4218,5069,136766_0.wav
10914,gunshot,471,2830,320132_4.wav
10916,gunshot,5872,7371,204012_0.wav
10916,gunshot,359,2118,320131_0.wav
10917,gunshot,7420,7819,260600_5.wav
10917,gunshot,2534,3973,341221_0.wav
10917,gunshot,4271,6950,320131_1.wav
10918,gunshot,7763,9202,377789_1.wav
10918,gunshot,4024,4263,260600_13.wav
10919,glassbreak,1669,2368,85107_0.wav
10919,glassbreak,5546,6245,85168_0.wav
10919,gunshot,2443,3942,165540_0.wav
10920,glassbreak,5276,7255,320126_22.wav
10920,glassbreak,3483,4042,270516_0.wav
10920,gunshot,372,2711,255264_8.wav
10921,gunshot,6196,6915,34708_3.wav
10922,gunshot,8305,9064,204949_2.wav
10922,gunshot,5615,6294,377786_8.wav
10923,gunshot,5180,6499,337166_0.wav
10923,gunshot,1801,3120,337166_0.wav
10923,gunshot,4365,4944,377786_1.wav
10924,gunshot,3349,5688,255264_8.wav
10925,gunshot,3900,4659,320129_0.wav
10926,gunshot,4334,5013,377786_0.wav
10926,gunshot,935,3274,255264_10.wav
10926,gunshot,6771,7470,164667_0.wav
10927,gunshot,5051,5730,377786_8.wav
10929,gunshot,60,2379,255264_13.wav
10929,gunshot,5261,7620,320132_4.wav
10929,gunshot,8664,9103,163738_0.wav
10930,glassbreak,1979,2478,118393_7.wav
10930,gunshot,3934,4453,260600_9.wav
10930,gunshot,8163,9662,377789_0.wav
10931,glassbreak,3744,5083,320127_5.wav
10931,glassbreak,1082,1641,87568_3.wav
10931,glassbreak,8076,9355,362238_1.wav
10931,gunshot,5254,6113,377786_2.wav
10932,gunshot,7856,9015,128294_0.wav
10933,gunshot,3007,3646,204949_0.wav
10933,gunshot,7421,8340,320134_8.wav
10933,gunshot,5667,7166,165540_0.wav
10934,gunshot,2238,2997,320129_0.wav
10934,gunshot,5194,8553,377787_3.wav
10935,gunshot,3627,5546,255267_2.wav
10935,gunshot,6220,8579,320132_4.wav
10935,gunshot,1122,2561,341221_0.wav
10936,glassbreak,4673,5592,118393_2.wav
10936,glassbreak,9374,9993,41348_0.wav
10936,glassbreak,790,1729,118393_6.wav
10937,gunshot,3693,6332,320131_2.wav
10937,gunshot,1329,1988,377786_16.wav
10938,glassbreak,5021,5780,360621_0.wav
10939,gunshot,4031,4610,377786_9.wav
10939,gunshot,6100,8159,122690_0.wav
10939,gunshot,410,1569,128294_0.wav
10940,glassbreak,4768,6127,320126_4.wav
10940,gunshot,3189,3608,30185_4.wav
10941,glassbreak,2432,4031,320127_0.wav
10942,gunshot,4510,6769,255264_12.wav
10942,gunshot,576,2915,255264_8.wav
10942,gunshot,7918,8617,377786_11.wav
10943,glassbreak,4859,5898,344269_0.wav
10943,gunshot,6647,7126,260600_6.wav
10944,gunshot,4580,5279,377786_17.wav
10944,gunshot,7330,7889,320134_1.wav
10945,gunshot,4447,5006,320134_3.wav
10946,glassbreak,8334,8773,51734_0.wav
10946,gunshot,2077,3996,127845_0.wav
10947,gunshot,512,2831,320131_5.wav
10947,gunshot,2925,3304,30185_0.wav
10947,gunshot,5407,5786,30185_0.wav
10948,glassbreak,5646,6125,87568_6.wav
10948,glassbreak,380,1159,257642_0.wav
10948,glassbreak,6632,8771,320126_5.wav
10949,gunshot,2260,4579,320131_5.wav
10949,gunshot,10,1409,341221_1.wav
10950,glassbreak,5709,7188,320126_7.wav
10950,glassbreak,4261,4960,85168_0.wav
10952,glassbreak,7837,8856,322603_0.wav
10953,glassbreak,2830,3929,87568_2.wav
10953,glassbreak,7819,8958,257496_0.wav
10953,gunshot,4683,5562,128295_0.wav
10954,gunshot,567,2066,377789_0.wav
10957,glassbreak,3807,4126,57971_2.wav
10957,glassbreak,1544,3363,344272_0.wav
10957,glassbreak,6923,7382,57947_0.wav
10958,glassbreak,3551,5290,320126_10.wav
10958,gunshot,6365,7124,377786_15.wav
10959,glassbreak,2602,3681,344270_0.wav
10959,gunshot,4890,8129,377787_4.wav
10961,gunshot,3904,4703,34708_2.wav
10962,gunshot,1567,1966,260600_5.wav
10963,gunshot,134,2153,255267_0.wav
10964,gunshot,7867,9306,341221_0.wav
10964,gunshot,3831,6030,255272_1.wav
10965,glassbreak,725,1844,84536_0.wav
10965,glassbreak,5180,6099,118393_2.wav
10965,glassbreak,7894,9173,362238_1.wav
10966,gunshot,6381,7160,377786_22.wav
10966,gunshot,3840,4979,320135_1.wav
10966,gunshot,345,2224,320131_4.wav
10967,gunshot,6888,7807,320134_7.wav
10967,gunshot,3655,5534,320131_4.wav
10967,gunshot,668,3467,377787_2.wav
10968,gunshot,2270,4909,255264_5.wav
10968,gunshot,5010,6449,377789_1.wav
10970,gunshot,2198,3037,64346_0.wav
10970,gunshot,7487,7966,260600_6.wav
10970,gunshot,5771,7190,341221_5.wav
10971,gunshot,1613,2072,320134_6.wav
10971,gunshot,4572,7571,255265_2.wav
10971,gunshot,3014,4413,341221_1.wav
10972,gunshot,796,1815,260600_2.wav
10973,glassbreak,8018,8777,344265_0.wav
10973,glassbreak,969,2168,320126_12.wav
10973,glassbreak,4948,5467,57971_1.wav
10974,gunshot,7377,8396,260600_2.wav
10975,gunshot,2421,3760,341221_6.wav
10975,gunshot,4571,5570,353093_0.wav
10975,gunshot,333,1132,34708_2.wav
10976,gunshot,4798,5217,30185_4.wav
10976,gunshot,2965,3544,377786_1.wav
10980,glassbreak,4691,6030,320127_5.wav
10980,glassbreak,704,1163,87568_8.wav
10980,glassbreak,6971,9970,320126_23.wav
10980,gunshot,1365,2864,377789_0.wav
10981,gunshot,1010,1509,338045_0.wav
10981,gunshot,5181,5760,377786_7.wav
10981,gunshot,6587,7246,26141_0.wav
10982,glassbreak,4687,7606,173580_0.wav
10982,glassbreak,7796,8895,344266_0.wav
10982,gunshot,3655,4174,320134_2.wav
10983,glassbreak,1586,3505,315647_0.wav
10983,glassbreak,7881,9680,320127_6.wav
10983,glassbreak,6130,7329,320126_2.wav
10983,gunshot,5071,5830,320129_0.wav
10984,gunshot,3864,4843,128293_0.wav
10984,gunshot,6276,8355,255264_0.wav
10985,gunshot,5522,7401,320131_4.wav
10985,gunshot,8040,9459,204011_0.wav
10986,glassbreak,7836,8435,87568_7.wav
10987,glassbreak,2482,4261,320126_1.wav
10987,gunshot,5147,5606,260600_4.wav
10987,gunshot,6045,6844,34708_2.wav
10987,gunshot,1213,2072,377786_13.wav
10988,glassbreak,7053,7772,344267_0.wav
10988,glassbreak,367,686,368342_0.wav
10988,gunshot,1844,4543,255264_3.wav
10989,gunshot,5711,6410,377786_11.wav
10989,gunshot,1948,3447,165540_0.wav
10989,gunshot,4777,5356,260600_7.wav
10990,glassbreak,3110,4149,321143_0.wav
10991,gunshot,2510,4949,255264_9.wav
10992,glassbreak,3586,4445,87567_0.wav
10992,gunshot,9285,9664,30185_0.wav
10994,glassbreak,6966,7425,57947_0.wav
10994,glassbreak,2383,4542,320126_17.wav
10994,gunshot,689,1248,260600_10.wav
10995,gunshot,5664,8903,377787_4.wav
10995,gunshot,4172,4891,34708_3.wav
10995,gunshot,654,2833,255264_6.wav
10996,glassbreak,8850,9229,87568_9.wav
10996,glassbreak,5018,7397,320126_19.wav
10996,gunshot,2620,3259,34708_1.wav
10997,glassbreak,7974,9653,320126_20.wav
10998,gunshot,6149,6848,377786_11.wav
10998,gunshot,3622,5821,255272_1.wav
10998,gunshot,883,3002,258203_1.wav
